"フィーチャID","POINT","NAME","所在地","診療科目","開設者分類","病床数","救急告示病院","災害拠点病院","期間開始日時","期間終了日時","作成者","作成日時","更新者","更新日時"
"487","POINT(136.915598429314 35.1782539252329)","A　O　I　名古屋病院","名古屋市東区泉2-2-5","内科、老年内科、呼吸器内科、外科、整形外科、小児科、産婦人科、眼科","医療法人","96","指定あり","指定なし","","","システム管理者","2022/11/01 16:37:37","システム管理者",""
"553","POINT(136.8948177 35.15562826)","ＮＴＴ西日本東海病院","名古屋市中区松原2-17-5","内科、循環器内科、脳神経内科、外科、消化器外科、整形外科、小児科、皮膚科、泌尿器科、婦人科、眼科、耳鼻いんこう科、リハビリテーション科、放射線科、麻酔科","その他","150","指定あり","指定なし","","","システム管理者","2022/11/01 16:37:37","システム管理者",""
"618","POINT(136.9283254 35.10386774)","あいせい紀年病院","名古屋市南区曽池町4-28","内科、循環器内科、神経内科、心療内科、整形外科、精神科、老年精神科、リウマチ科、リハビリテーション科","医療法人","282","指定なし","指定なし","","","システム管理者","2022/11/01 16:37:37","システム管理者",""
"620","POINT(136.937980989854 35.3658041497484)","あいちせぼね病院","犬山市大字五郎丸字上池31-1","内科、消化器内科、循環器内科、神経内科、脳神経外科、整形外科、ペインクリニック整形外科、アレルギー科、リウマチ科、皮膚科、美容皮膚科、リハビリテーション科、麻酔科","医療法人","48","指定なし","指定なし","","","システム管理者","2022/11/01 16:37:37","システム管理者",""
"622","POINT(137.0916829 34.8684693)","あいちリハビリテーション病院","西尾市江原町西柄1-1","内科、神経内科、脳神経外科、整形外科、リハビリテーション科","医療法人","145","指定なし","指定なし","","","システム管理者","2022/11/01 16:37:37","システム管理者",""
"624","POINT(137.0284668 35.10507487)","あいち肝胆膵ホスピタル","愛知郡東郷町春木白土1-217","消化器内科、消化器外科、麻酔科","個人","26","指定なし","指定なし","","","システム管理者","2022/11/01 16:37:37","システム管理者",""
"630","POINT(136.954014 34.998502)","あいち小児保健　医療総合センター","大府市森岡町7-426","呼吸器内科、循環器内科、腎臓内科、神経内科、内分泌内科、周産期内科、新生児内科、心療内科、感染症内科、心臓血管外科、脳神経外科、小児外科、整形外科、形成外科、精神科、アレルギー科、リウマチ科、小児科、皮膚科、泌尿器科、産科、眼科、耳鼻いんこう科、リハビリテーション科、放射線科、臨床検査科、救急科、麻酔科、小児歯科、矯正歯科、歯科口腔外科","公的医療機関","200","指定あり","指定なし","","","システム管理者","2022/11/01 16:37:37","システム管理者",""
"811","POINT(136.82597954533 35.2000441729836)","あま市民病院","あま市甚目寺畦田1","内科、外科、脳神経外科、整形外科、小児科、婦人科、眼科、耳鼻いんこう科、リハビリテーション科、放射線科、麻酔科","公的医療機関","180","指定あり","指定なし","","","システム管理者","2022/11/01 16:37:37","システム管理者",""
"968","POINT(136.785409826218 35.3193428600382)","いまいせ心療センター","一宮市今伊勢町宮後字郷中茶原30","脳神経内科、精神科","医療法人","156","指定なし","指定なし","","","システム管理者","2022/11/01 16:37:37","システム管理者",""
"979","POINT(136.793687822222 35.318630355)","いまむら病院","一宮市今伊勢町本神戸字無量寺東17","内科、心療内科、精神科、神経科","医療法人","260","指定なし","指定なし","","","システム管理者","2022/11/01 16:37:37","システム管理者",""
"1080","POINT(137.1600746 34.9722876)","エンジェルベルホスピタル","岡崎市錦町5-1","小児科、産科、婦人科、婦人科(不妊治療)、歯科","医療法人","33","指定なし","指定なし","","","システム管理者","2022/11/01 16:37:37","システム管理者",""
"1860","POINT(136.9206484 35.3295943)","さくら総合病院","丹羽郡大口町新宮1-129","内科、呼吸器科、循環器科、脳神経内科、胃腸科、心療内科、外科、肛門科、血管外科、脳神経外科、整形外科、形成外科、精神科、皮膚科、泌尿器科、婦人科、眼科、耳鼻いんこう科、リハビリテーション科、放射線科、麻酔科、歯科、歯科口腔外科","医療法人","390","指定あり","指定なし","","","システム管理者","2022/11/01 16:37:37","システム管理者",""
"1862","POINT(137.1439717 35.04188376)","さくら病院","豊田市豊栄町11-131","内科、呼吸器内科、消化器内科、循環器内科、神経内科、血液内科、透析内科又は人工透析内科、外科、呼吸器外科、消化器外科、心臓血管外科、整形外科、形成外科、美容外科、リウマチ科、小児科","医療法人","95","指定あり","指定なし","","","システム管理者","2022/11/01 16:37:37","システム管理者",""
"1957","POINT(137.134670218891 35.2901157538593)","しなのが丘病院","瀬戸市下半田川町1683-8","内科、精神科、神経科","個人","140","指定なし","指定なし","","","システム管理者","2022/11/01 16:37:37","システム管理者",""
"2301","POINT(137.3699078 34.82402778)","タチバナ病院","豊川市諏訪3-61","内科、循環器内科、胃腸内科、神経内科、小児科、小児科(内分泌)、リハビリテーション科","医療法人","43","指定なし","指定なし","","","システム管理者","2022/11/01 16:37:37","システム管理者",""
"2346","POINT(136.93794292027 35.1652440204678)","ちくさ病院","名古屋市千種区今池南4-1","内科、消化器内科、循環器内科、腎臓内科、神経内科、代謝・内分泌内科、老年内科、外科、消化器外科、脳神経外科、整形外科、精神科、アレルギー科、皮膚科、リハビリテーション科","医療法人","53","指定あり","指定なし","","","システム管理者","2022/11/01 16:37:37","システム管理者",""
"2534","POINT(137.175306 35.05771376)","トヨタ記念病院","豊田市平和町1-1","内科、呼吸器内科、消化器内科、循環器内科、腎臓内科、脳神経内科、血液内科、緩和ケア内科又は内科(緩和ケア)、感染症内科、腫瘍内科、内分泌・糖尿病内科、外科、呼吸器外科、消化器外科、肛門科、血管外科、脳神経外科、心臓外科、小児外科、整形外科、形成外科、内視鏡外科、緩和ケア外科、乳腺・内分泌外科、精神科、リウマチ科、小児科、新小、皮膚科、泌尿器科、産婦人科、産婦人科(生殖医療)、眼科、耳鼻いんこう科、リハビリテーション科、放射線診断科、放射線治療科、病理診断科、救急科、麻酔科、歯科口腔外科","その他","527","指定あり","地域","","","システム管理者","2022/11/01 16:37:37","システム管理者",""
"2896","POINT(136.849537954773 35.238835527026)","はるひ呼吸器病院","清須市春日流8-1","内科、呼吸器内科、消化器内科、循環器内科、呼吸器外科、アレルギー科、病理診断科","医療法人","120","指定あり","指定なし","","","システム管理者","2022/11/01 16:37:37","システム管理者",""
"3090","POINT(136.9210276 35.11836434)","ブラザー記念病院","名古屋市瑞穂区塩入町11-8","内科、外科、整形外科、婦人科、眼科、放射線科、歯科、小児歯科","社会保険関係団体","59","指定なし","指定なし","","","システム管理者","2022/11/01 16:37:37","システム管理者",""
"3336","POINT(136.947578175744 34.7405700892142)","みどりの風　南知多病院","知多郡南知多町大字豊丘字孫廻間86","内科、心療内科、精神科、歯科","医療法人","218","指定なし","指定なし","","","システム管理者","2022/11/01 16:37:37","システム管理者",""
"3352","POINT(136.8907715 35.11671778)","みなと医療生活協同組合　協立総合病院","名古屋市熱田区五番町4-33","内科、呼吸器内科、消化器内科、循環器内科、腎臓内科、神経内科、胃腸内科、心療内科、外科、呼吸器外科、消化器外科、肛門外科、脳神経外科、小児外科、整形外科、内視鏡外科、精神科、アレルギー科、リウマチ科、小児科、皮膚科、泌尿器科、産婦人科、眼科、耳鼻いんこう科、リハビリテーション科、放射線科、病理診断科、救急科、麻酔科","その他","434","指定あり","指定なし","","","システム管理者","2022/11/01 16:37:37","システム管理者",""
"3410","POINT(137.0775897 35.07945855)","みよし市民病院","みよし市三好町八和田山15","内科、消化器科、循環器科、外科、整形外科、小児科、皮膚科、泌尿器科、眼科、耳鼻いんこう科、リハビリテーション科、放射線科","公的医療機関","122","指定あり","指定なし","","","システム管理者","2022/11/01 16:37:37","システム管理者",""
"3514","POINT(136.954972271254 35.2007283498935)","もりやま総合心療病院","名古屋市守山区町北11-50","心療内科、精神科、神経科","医療法人","486","指定なし","指定なし","","","システム管理者","2022/11/01 16:37:37","システム管理者",""
"3538","POINT(136.9659452 35.19676444)","ヤトウ病院","名古屋市守山区西新14-2","内科、消化器科、外科、脳神経外科、整形外科、アレルギー科、小児科、皮膚科、リハビリテーション科、麻酔科","個人","130","指定なし","指定なし","","","システム管理者","2022/11/01 16:37:37","システム管理者",""
"3587","POINT(136.9321799 35.22046249)","やまね病院","名古屋市北区楠味鋺4-1524","内科、呼吸器科、消化器科、循環器科、神経内科、外科、整形外科、アレルギー科","個人","35","指定なし","指定なし","","","システム管理者","2022/11/01 16:37:37","システム管理者",""
"3816","POINT(137.047893 35.191385)","愛知医科大学病院","長久手市岩作雁又1-1","内科、外科、呼吸器外科、心臓血管外科、脳神経外科、整形外科、形成外科、精神科、神経科、小児科、皮膚科、泌尿器科、産婦人科、眼科、耳鼻いんこう科、リハビリテーション科、放射線科、病理診断科、救急科、麻酔科、歯科口腔外科","その他","900","指定あり","基幹","","","システム管理者","2022/11/01 16:37:37","システム管理者",""
"3819","POINT(136.956941 35.16644332)","愛知学院大学　歯学部附属病院","名古屋市千種区末盛通2-11","内科、外科、小児科、耳鼻いんこう科、麻酔科、歯科、小児歯科、矯正歯科、歯科口腔外科","その他","44","指定なし","指定なし","","","システム管理者","2022/11/01 16:37:37","システム管理者",""
"3827","POINT(136.971942645749 35.1758119713212)","愛知県がんセンター","名古屋市千種区鹿子殿1-1","呼吸器内科、消化器内科、循環器内科、血液内科、乳腺内科、薬物療法内科、緩和ケア内科又は内科(緩和ケア)、内視鏡内科、頭頚部外科、呼吸器外科、消化器外科、脳神経外科、乳腺外科、整形外科、形成外科、腫瘍精神科、皮膚科、泌尿器科、婦人科、眼科、リハビリテーション科、放射線診断科、放射線治療科、病理診断科、臨床検査科、麻酔科、歯科","公的医療機関","500","指定なし","指定なし","","","システム管理者","2022/11/01 16:37:37","システム管理者",""
"3829","POINT(137.03784515334 35.3016478761249)","愛知県医療療育総合センター　中央病院","春日井市神屋町713-8","内科、循環器内科、神経内科、外科、脳神経外科、小児外科、整形外科、精神科、児童精神科、心療精神科、小児科、小児科(循環器)、小児科(神経)、皮膚科、泌尿器科、産婦人科、眼科、耳鼻いんこう科、リハビリテーション科、放射線科、病理診断科、臨床検査科、麻酔科、歯科、小児歯科","公的医療機関","267","指定なし","指定なし","","","システム管理者","2022/11/01 16:37:37","システム管理者",""
"3833","POINT(137.271811952003 34.6598468623093)","愛知県厚生農業協同組合連合会　渥美病院","田原市神戸町赤石1-1","内科、呼吸器科、消化器科、循環器科、外科、脳神経外科、整形外科、形成外科、精神科、小児科、皮膚科、泌尿器科、産婦人科、眼科、耳鼻いんこう科、リハビリテーション科、放射線科、麻酔科","公的医療機関","316","指定あり","指定なし","","","システム管理者","2022/11/01 16:37:37","システム管理者",""
"3834","POINT(137.077756479935 34.9401230372806)","愛知県厚生農業協同組合連合会　安城更生病院","安城市安城町東広畔28","内科、呼吸器内科、消化器内科、循環器内科、腎臓内科、脳神経内科、緩和ケア内科又は内科(緩和ケア)、感染症内科、内分泌・糖尿病内科、血液・腫瘍内科、外科、呼吸器外科、心臓血管外科、脳神経外科、乳腺外科、小児外科、整形外科、形成外科、精神科、リウマチ科、小児科、小児科(脳神経)、皮膚科、泌尿器科、産婦人科、眼科、耳鼻いんこう科、リハビリテーション科、放射線科、病理診断科、臨床検査科、救急科、麻酔科、歯科口腔外科","公的医療機関","749","指定あり","地域","","","システム管理者","2022/11/01 16:37:37","システム管理者",""
"3835","POINT(136.73257578737 35.25257868012)","愛知県厚生農業協同組合連合会　稲沢厚生病院","稲沢市祖父江町本甲拾町野7","内科、呼吸器内科、消化器内科、循環器内科、脳神経内科、糖尿病内科、外科、脳神経外科、整形外科、精神科、リウマチ科、小児科、皮膚科、泌尿器科、産婦人科、眼科、耳鼻いんこう科、リハビリテーション科、放射線科、麻酔科","公的医療機関","300","指定あり","地域","","","システム管理者","2022/11/01 16:37:37","システム管理者",""
"3836","POINT(136.722830424235 35.1086399131106)","愛知県厚生農業協同組合連合会　海南病院","弥富市前ヶ須町南本田396","内科、呼吸器内科、消化器内科、循環器内科、腎臓内科、脳神経内科、血液内科、老年内科、緩和ケア内科又は内科(緩和ケア)、腫瘍内科、糖尿病・内分泌内科、外科、心臓血管外科、脳神経外科、整形外科、形成外科、乳腺・内分泌外科、精神科、リウマチ科、小児科、皮膚科、泌尿器科、産婦人科、眼科、耳鼻いんこう科、リハビリテーション科、放射線科、病理診断科、救急科、麻酔科、歯科口腔外科","公的医療機関","540","指定あり","地域","","","システム管理者","2022/11/01 16:37:37","システム管理者",""
"3837","POINT(136.878101751914 35.355344331079)","愛知県厚生農業協同組合連合会　江南厚生病院","江南市高屋町大松原137","内科、呼吸器内科、消化器内科、循環器内科、腎臓内科、脳神経内科、緩和ケア内科又は内科(緩和ケア)、内分泌・糖尿病内科、血液・腫瘍内科、外科、呼吸器外科、消化器外科、心臓血管外科、脳神経外科、小児外科、整形外科、形成外科、乳腺・内分泌外科、精神科、リウマチ科、小児科、皮膚科、泌尿器科、産婦人科、眼科、耳鼻いんこう科、リハビリテーション科、放射線科、病理診断科、臨床検査科、救急科、麻酔科、歯科口腔外科","公的医療機関","684","指定あり","地域","","","システム管理者","2022/11/01 16:37:37","システム管理者",""
"3838","POINT(137.305740948773 35.1300597461995)","愛知県厚生農業協同組合連合会　足助病院","豊田市岩神町仲田20","内科、脳神経内科、外科、脳神経外科、整形外科、小児科、皮膚科、泌尿器科、婦人科、眼科、耳鼻いんこう科、リハビリテーション科、放射線科","公的医療機関","148","指定あり","指定なし","","","システム管理者","2022/11/01 16:37:37","システム管理者",""
"3839","POINT(136.906390782595 34.7759671425634)","愛知県厚生農業協同組合連合会　知多厚生病院","知多郡美浜町大字河和字西谷81-6","内科、呼吸器内科、消化器内科、循環器内科、脳神経内科、血液内科、糖尿病内科、外科、消化器外科、肛門外科、血管外科、脳神経外科、乳腺外科、整形外科、内視鏡外科、リウマチ科、小児科、皮膚科、泌尿器科、産婦人科、眼科、耳鼻いんこう科、リハビリテーション科、放射線科、麻酔科","公的医療機関","199","指定あり","地域","","","システム管理者","2022/11/01 16:37:37","システム管理者",""
"3840","POINT(137.13422888683 35.1203602457396)","愛知県厚生農業協同組合連合会　豊田厚生病院","豊田市浄水町伊保原500-1","内科、呼吸器内科、消化器内科、循環器内科、腎臓内科、脳神経内科、血液内科、化学療法内科、緩和ケア内科又は内科(緩和ケア)、感染症内科、内分泌・代謝内科、外科、呼吸器外科、消化器外科、血管外科、脳神経外科、乳腺外科、心臓外科、小児外科、整形外科、形成外科、精神科、アレルギー科、リウマチ科、小児科、皮膚科、泌尿器科、産婦人科、眼科、耳鼻いんこう科、リハビリテーション科、放射線科、放射線診断科、放射線治療科、病理診断科、臨床検査科、救急科、麻酔科、歯科口腔外科","公的医療機関","606","指定あり","地域","","","システム管理者","2022/11/01 16:37:37","システム管理者",""
"3843","POINT(136.8786947 35.18663411)","愛知県済生会リハビリテーション病院","名古屋市西区栄生1-1-18","内科、神経内科、リハビリテーション科","公的医療機関","199","指定なし","指定なし","","","システム管理者","2022/11/01 16:37:37","システム管理者",""
"3844","POINT(137.222032970084 34.9533089008781)","愛知県三河青い鳥　医療療育センター","岡崎市高隆寺町字小屋場9-3","内科、整形外科、精神科、小児科、皮膚科、泌尿器科、耳鼻いんこう科、リハビリテーション科、歯科","公的医療機関","120","指定なし","指定なし","","","システム管理者","2022/11/01 16:37:37","システム管理者",""
"3848","POINT(136.969255898437 35.1729570536143)","愛知県精神医療センター","名古屋市千種区徳川山町4-1-7","内科、精神科、児童精神科、歯科","公的医療機関","273","指定なし","指定なし","","","システム管理者","2022/11/01 16:37:37","システム管理者",""
"3851","POINT(136.875134786772 35.2155482391865)","愛知県青い鳥医療療育センター","名古屋市西区中小田井5-89","内科、小児外科、整形外科、児童精神科、小児科、小児科(神経内科)、皮膚科、泌尿器科、眼科、耳鼻いんこう科、リハビリテーション科、歯科","公的医療機関","170","指定なし","指定なし","","","システム管理者","2022/11/01 16:37:37","システム管理者",""
"4117","POINT(136.9597439 35.20055013)","医療法人いつき会　守山いつき病院","名古屋市守山区守山2-18-22","内科、呼吸器内科、消化器内科、循環器内科、腎臓内科、神経内科、糖尿病内科、整形外科、皮膚科、眼科、放射線科","医療法人","101","指定なし","指定なし","","","システム管理者","2022/11/01 16:37:37","システム管理者",""
"4151","POINT(137.4019403 34.70036905)","医療法人さわらび会　福祉村病院","豊橋市野依町字山中19-14","内科、神経内科、老年内科、精神科、皮膚科、リハビリテーション科、老年精神科","医療法人","261","指定なし","指定なし","","","システム管理者","2022/11/01 16:37:37","システム管理者",""
"4158","POINT(136.9163345 35.17328014)","医療法人すみれ会　中央病院","名古屋市東区東桜2-8-4","内科","医療法人","81","指定なし","指定なし","","","システム管理者","2022/11/01 16:37:37","システム管理者",""
"4216","POINT(136.9347017 35.22375031)","医療法人愛仁会　名春中央病院","名古屋市北区東味鋺1-2401","内科、循環器科、胃腸科、外科、脳神経外科、整形外科、皮膚科、泌尿器科、リハビリテーション科","医療法人","84","指定あり","指定なし","","","システム管理者","2022/11/01 16:37:37","システム管理者",""
"4219","POINT(137.1459068 35.0087881)","医療法人愛知会　胃腸科肛門科家田病院","豊田市畝部西町城ケ掘11-1","内科、胃腸科、外科、肛門科、整形外科、小児科、皮膚科、麻酔科","医療法人","84","指定なし","指定なし","","","システム管理者","2022/11/01 16:37:37","システム管理者",""
"4229","POINT(137.1585287 34.93153212)","医療法人葵　葵セントラル病院","岡崎市中田町4-5","内科、神経内科、腎臓内科、透析内科又は人工透析内科、糖尿病内科、血管外科、リウマチ科、リハビリテーション科、放射線科","医療法人","30","指定なし","指定なし","","","システム管理者","2022/11/01 16:37:37","システム管理者",""
"4234","POINT(136.9243717 35.14059787)","医療法人安正会　安井病院","名古屋市昭和区滝子町27-19","内科、消化器科、外科、整形外科、リハビリテーション科、麻酔科","医療法人","38","指定あり","指定なし","","","システム管理者","2022/11/01 16:37:37","システム管理者",""
"4236","POINT(136.889168307821 35.1263136973239)","医療法人杏園会熱田　リハビリテーション病院","名古屋市熱田区六番1-1-19","内科、胃腸内科、外科、肛門外科、脳神経外科、整形外科、皮膚科、泌尿器科、リハビリテーション科、放射線科、麻酔科","医療法人","160","指定あり","指定なし","","","システム管理者","2022/11/01 16:37:37","システム管理者",""
"4240","POINT(136.779992362298 35.342601594181)","医療法人医徳会　国井病院","一宮市木曽川町黒田三の通り32-1","内科、消化器内科、外科、肛門外科、整形外科、リウマチ科、小児科、皮膚科、眼科、リハビリテーション科","医療法人","28","指定なし","指定なし","","","システム管理者","2022/11/01 16:37:37","システム管理者",""
"4250","POINT(136.9386218 34.91794171)","医療法人一草会　一ノ草病院","半田市長根町3-1","内科、精神科","医療法人","298","指定なし","指定なし","","","システム管理者","2022/11/01 16:37:37","システム管理者",""
"4255","POINT(137.2359228 34.89394711)","医療法人羽栗会　羽栗病院","岡崎市羽栗町字田中26・27・30番合併地","内科、精神科、神経科","医療法人","100","指定なし","指定なし","","","システム管理者","2022/11/01 16:37:37","システム管理者",""
"4259","POINT(136.943165297222 35.351306095)","医療法人永仁会　さとう病院","犬山市大字羽黒字下大日8-3","内科、外科、リハビリテーション科","医療法人","99","指定なし","指定なし","","","システム管理者","2022/11/01 16:37:37","システム管理者",""
"4274","POINT(136.7374165 35.20151367)","医療法人回精会　北津島病院","稲沢市平和町嫁振307","内科、脳神経内科、精神科、児童精神科、神経科","医療法人","294","指定なし","指定なし","","","システム管理者","2022/11/01 16:37:37","システム管理者",""
"4275","POINT(136.8818869 35.15581923)","医療法人開生会　かいせい病院","名古屋市中川区月島町9-9","内科、呼吸器科、胃腸科、小児科、眼科、リハビリテーション科","医療法人","41","指定なし","指定なし","","","システム管理者","2022/11/01 16:37:37","システム管理者",""
"4276","POINT(136.9112676 34.84843424)","医療法人赫和会　杉石病院","知多郡武豊町字向陽1-117","内科、呼吸器内科、消化器内科、循環器内科、外科、消化器外科、脳神経外科、小児科、皮膚科、耳鼻いんこう科、リハビリテーション科","医療法人","140","指定あり","指定なし","","","システム管理者","2022/11/01 16:37:37","システム管理者",""
"4277","POINT(136.9307964 35.09859809)","医療法人笠寺病院","名古屋市南区松池町3-19","内科、呼吸器内科、消化器内科、循環器内科、神経内科、内分泌内科、代謝内科、老年内科、内視鏡内科、糖尿病内科、外科、消化器外科、整形外科、皮膚科、リハビリテーション科、放射線科、麻酔科","医療法人","128","指定あり","指定なし","","","システム管理者","2022/11/01 16:37:37","システム管理者",""
"4286","POINT(137.3668111 34.68029483)","医療法人義興会　可知記念病院","豊橋市南大清水町字富士見456","内科、心療内科、精神科、神経科、歯科","医療法人","603","指定なし","指定なし","","","システム管理者","2022/11/01 16:37:37","システム管理者",""
"4290","POINT(136.936985 35.16141616)","医療法人吉田病院","名古屋市千種区大久手町5-19","内科、呼吸器内科、消化器内科、循環器内科、外科、消化器外科、脳神経外科、ペインクリニック外科、整形外科、リハビリテーション科、麻酔科","医療法人","108","指定あり","指定なし","","","システム管理者","2022/11/01 16:37:37","システム管理者",""
"4291","POINT(137.026726 35.175422)","医療法人橘会東名病院","長久手市作田1-1110","内科、消化器科、循環器科、神経内科、外科、胸部外科、血管外科、脳神経外科、整形外科、皮膚科、リハビリテーション科、放射線科、麻酔科","医療法人","58","指定あり","指定なし","","","システム管理者","2022/11/01 16:37:37","システム管理者",""
"4299","POINT(136.9667549 35.03959783)","医療法人共和会　共和病院","大府市梶田町2-123","内科、呼吸器内科、消化器内科、循環器内科、神経内科、心療内科、肛門外科、精神科、リハビリテーション科、放射線科、歯科","医療法人","266","指定なし","指定なし","","","システム管理者","2022/11/01 16:37:37","システム管理者",""
"4310","POINT(137.3579213 34.8292078)","医療法人啓仁会　豊川さくら病院","豊川市市田町大道下30-1","内科、呼吸器内科、循環器内科、神経内科、外科、消化器外科、肛門外科、整形外科、児童精神科、リハビリテーション科、放射線科","医療法人","92","指定あり","指定なし","","","システム管理者","2022/11/01 16:37:37","システム管理者",""
"4315","POINT(136.8666001 35.17142023)","医療法人珪山会　鵜飼病院","名古屋市中村区寿町30","内科、神経内科、外科、消化器外科、整形外科、リハビリテーション科、放射線科","医療法人","120","指定あり","指定なし","","","システム管理者","2022/11/01 16:37:37","システム管理者",""
"4316","POINT(136.8718736 35.1681388)","医療法人珪山会鵜飼　リハビリテーション病院","名古屋市中村区太閤通4-1","リハビリテーション科","医療法人","150","指定なし","指定なし","","","システム管理者","2022/11/01 16:37:37","システム管理者",""
"4342","POINT(137.1271728 35.13195408)","医療法人研精会　豊田西病院","豊田市保見町横山100","心療内科、精神科","医療法人","168","指定なし","指定なし","","","システム管理者","2022/11/01 16:37:37","システム管理者",""
"4346","POINT(136.9236925 35.15023112)","医療法人交正会　精治寮病院","名古屋市昭和区鶴舞4-16-27","精神科、神経科","医療法人","179","指定なし","指定なし","","","システム管理者","2022/11/01 16:37:37","システム管理者",""
"4347","POINT(136.8775271 35.23487522)","医療法人光寿会　光寿会リハビリテーション病院","北名古屋市九之坪高田85","内科","医療法人","100","指定なし","指定なし","","","システム管理者","2022/11/01 16:37:37","システム管理者",""
"4348","POINT(136.9784618 35.27104564)","医療法人光寿会　光寿会春日井病院","春日井市下原町字萱場1920-1","内科、透析内科又は人工透析内科、リハビリテーション科","医療法人","55","指定なし","指定なし","","","システム管理者","2022/11/01 16:37:37","システム管理者",""
"4360","POINT(136.8413152 35.1237094)","医療法人孝慈会　大平病院","名古屋市中川区昭和橋通9-78","内科、小児科、産婦人科、リハビリテーション科","医療法人","50","指定なし","指定なし","","","システム管理者","2022/11/01 16:37:37","システム管理者",""
"4363","POINT(136.7496786 35.15515762)","医療法人宏徳会安藤病院","津島市唐臼町半池72-1","内科、神経内科、疼痛緩和内科、漢方内科、ペインクリニック外科、リハビリテーション科、放射線科、麻酔科","医療法人","110","指定なし","指定なし","","","システム管理者","2022/11/01 16:37:37","システム管理者",""
"4365","POINT(137.1004792 35.19984421)","医療法人宏和会　あさい病院","瀬戸市矢形町178-1","内科、呼吸器科、消化器科、循環器科、腎臓内科、神経内科、血液内科、透析内科又は人工透析内科、糖尿病内科、外科、消化器外科、肛門科、心臓血管外科、脳神経外科、整形外科、形成外科、美容外科、皮膚科、泌尿器科、眼科、リハビリテーション科","医療法人","120","指定あり","指定なし","","","システム管理者","2022/11/01 16:37:37","システム管理者",""
"4368","POINT(136.8289453 35.11140082)","医療法人幸会　南陽病院","名古屋市港区小賀須3-1101","内科、外科、整形外科、小児科、眼科","医療法人","99","指定あり","指定なし","","","システム管理者","2022/11/01 16:37:37","システム管理者",""
"4370","POINT(136.952026577417 35.078965446019)","医療法人幸寿会　平岩病院","名古屋市緑区鳴海町相原町26","内科、呼吸器内科、消化器内科、循環器内科、内分泌内科、小児科、リハビリテーション科","医療法人","60","指定あり","指定なし","","","システム管理者","2022/11/01 16:37:37","システム管理者",""
"4374","POINT(136.8879265 35.14393446)","医療法人広徳会　佐藤病院","名古屋市中川区尾頭橋2-19-11","胃腸科、外科、整形外科、リハビリテーション科","医療法人","41","指定あり","指定なし","","","システム管理者","2022/11/01 16:37:37","システム管理者",""
"4385","POINT(137.0074712 35.1725265)","医療法人香徳会　メイトウホスピタル","名古屋市名東区上社3-1911","内科、呼吸器内科、消化器内科、循環器内科、糖尿病・内分泌内科、整形外科、皮膚科、リハビリテーション科","医療法人","101","指定あり","指定なし","","","システム管理者","2022/11/01 16:37:37","システム管理者",""
"4400","POINT(136.8773806 35.24242971)","医療法人済衆館　済衆館病院","北名古屋市鹿田西村前111","内科、呼吸器内科、消化器内科、循環器内科、腎臓内科、脳神経内科、老年内科、糖尿病・内分泌内科、外科、呼吸器外科、消化器外科、肛門外科、血管外科、脳神経外科、乳腺外科、内分泌外科、小児外科、整形外科、リウマチ科、小児科、皮膚科、泌尿器科、眼科、リハビリテーション科、放射線科、救急科、麻酔科、歯科口腔外科、形成外科、美容皮膚科","医療法人","331","指定あり","指定なし","","","システム管理者","2022/11/01 16:37:37","システム管理者",""
"4402","POINT(137.086882991458 35.1335715399691)","医療法人財団愛泉会　愛知国際病院","日進市米野木町南山987-31","内科、循環器科、胃腸科、外科、肛門科、整形外科、リウマチ科、小児科、皮膚科、リハビリテーション科","医療法人","72","指定あり","指定なし","","","システム管理者","2022/11/01 16:37:37","システム管理者",""
"4411","POINT(137.143725 35.08696289)","医療法人三九会　三九朗病院","豊田市小坂町7-80","内科、消化器内科、循環器内科、腎臓内科、糖尿病内科、整形外科、リウマチ科、リハビリテーション科","医療法人","140","指定なし","指定なし","","","システム管理者","2022/11/01 16:37:37","システム管理者",""
"4412","POINT(136.9036031 35.13874555)","医療法人三恵会　服部病院","名古屋市熱田区沢上1-3-20","内科、呼吸器科、胃腸科、外科、肛門科、整形外科、アレルギー科、リウマチ科、小児科、皮膚科、リハビリテーション科、麻酔科","医療法人","56","指定あり","指定なし","","","システム管理者","2022/11/01 16:37:37","システム管理者",""
"4414","POINT(136.9865354 35.27251411)","医療法人三仁会　あさひ病院","春日井市下原町字村東2090","内科、呼吸器内科、消化器内科、循環器内科、神経内科、ペインクリニック内科、整形外科、形成外科、リウマチ科、リハビリテーション科、麻酔科","医療法人","80","指定なし","指定なし","","","システム管理者","2022/11/01 16:37:37","システム管理者",""
"4419","POINT(136.7612663 35.1910536)","医療法人三善会　津島中央病院","津島市葉苅町字綿掛63","内科、老年内科、整形外科、リウマチ科、リハビリテーション科、放射線科","医療法人","100","指定なし","指定なし","","","システム管理者","2022/11/01 16:37:37","システム管理者",""
"4420","POINT(136.798559 35.29573459)","医療法人山下病院","一宮市中町1-3-5","内科、消化器科、外科、麻酔科","医療法人","102","指定あり","指定なし","","","システム管理者","2022/11/01 16:37:37","システム管理者",""
"4425","POINT(136.9132975 35.09182221)","医療法人山和会　山口病院","名古屋市南区加福本通3-28","内科、消化器科、内分泌内科、外科、肛門科、脳神経外科、整形外科、リウマチ科、皮膚泌尿器科、リハビリテーション科、放射線科、麻酔科","医療法人","60","指定あり","指定なし","","","システム管理者","2022/11/01 16:37:37","システム管理者",""
"4439","POINT(137.1772754 35.07347548)","医療法人慈和会　吉田整形外科病院","豊田市御立町7-100","循環器内科、整形外科、リウマチ科、リハビリテーション科、麻酔科","医療法人","78","指定あり","指定なし","","","システム管理者","2022/11/01 16:37:37","システム管理者",""
"4459","POINT(137.047144792966 35.0184918088467)","医療法人社団以心会　中野胃腸病院","豊田市駒新町金山1-12","消化器科、肛門科、麻酔科","医療法人","67","指定なし","指定なし","","","システム管理者","2022/11/01 16:37:37","システム管理者",""
"4461","POINT(137.030845779633 35.2923936207588)","医療法人社団喜峰会　東海記念病院","春日井市廻間町字大洞681-47","内科、呼吸器内科、消化器内科、循環器内科、脳神経内科、糖尿病内科、外科、心臓血管外科、脳神経外科、乳腺外科、整形外科、リウマチ科、皮膚科、泌尿器科、眼科、耳鼻いんこう科、リハビリテーション科、放射線科、麻酔科、歯科","医療法人","199","指定あり","指定なし","","","システム管理者","2022/11/01 16:37:37","システム管理者",""
"4469","POINT(137.061296486317 35.2184296727453)","医療法人社団順心会　井上病院","瀬戸市川北町2-11","内科、消化器内科、外科、整形外科、リウマチ科、リハビリテーション科","医療法人","46","指定なし","指定なし","","","システム管理者","2022/11/01 16:37:37","システム管理者",""
"4479","POINT(137.018982345774 34.8188733808605)","医療法人社団福祉会　高須病院","西尾市一色町赤羽上郷中113-1","内科、消化器内科、循環器内科、神経内科、透析内科又は人工透析内科、内視鏡内科、糖尿病内科、外科、肛門外科、脳神経外科、整形外科、形成外科、美容外科、皮膚科、美容皮膚科、泌尿器科、眼科、リハビリテーション科、放射線科、麻酔科","医療法人","105","指定あり","指定なし","","","システム管理者","2022/11/01 16:37:37","システム管理者",""
"4486","POINT(137.1549957 35.09149631)","医療法人若宮会　菊池病院","豊田市若宮町5-1","内科、消化器内科、整形外科、リウマチ科、皮膚科、泌尿器科","医療法人","111","指定あり","指定なし","","","システム管理者","2022/11/01 16:37:37","システム管理者",""
"4489","POINT(137.0636783 35.08914119)","医療法人寿光会　寿光会中央病院","みよし市三好町石畑5","内科、呼吸器科、消化器科、循環器科、外科、皮膚科、歯科","医療法人","173","指定あり","指定なし","","","システム管理者","2022/11/01 16:37:37","システム管理者",""
"4490","POINT(136.9498865 34.99256593)","医療法人寿康会　大府病院","知多郡東浦町大字森岡字上源吾1","内科、精神科、老年精神科、神経科","医療法人","158","指定なし","指定なし","","","システム管理者","2022/11/01 16:37:37","システム管理者",""
"4498","POINT(136.8736232 35.16825056)","医療法人衆済会　増子記念病院","名古屋市中村区竹橋町35-28","内科、消化器内科、循環器内科、腎臓内科、脳神経内科、肝臓内科、透析内科又は人工透析内科、糖尿病内科、外科、消化器外科、血管外科、肝臓外科、小児外科、整形外科、移植外科、人工透析外科、アレルギー科、リウマチ科、大腸肛門外科、皮膚科、泌尿器科、眼科、リハビリテーション科、放射線科","医療法人","102","指定なし","指定なし","","","システム管理者","2022/11/01 16:37:37","システム管理者",""
"4499","POINT(136.9927294 34.88370812)","医療法人十喜会　加藤病院","碧南市松本町158","内科、外科、整形外科、小児科、皮膚科、泌尿器科","医療法人","57","指定あり","指定なし","","","システム管理者","2022/11/01 16:37:37","システム管理者",""
"4500","POINT(137.1716877 34.96545727)","医療法人十全会　三嶋内科病院","岡崎市六供町3-8-2","内科、消化器内科、循環器内科、肝臓内科、糖尿病内科、リウマチ科、放射線科","医療法人","146","指定なし","指定なし","","","システム管理者","2022/11/01 16:37:37","システム管理者",""
"4507","POINT(137.0741452 34.89136559)","医療法人純和会　矢作川病院","安城市藤井町南山141","内科、循環器内科、胃腸内科、心療内科、精神科、歯科、歯科口腔外科","医療法人","186","指定なし","指定なし","","","システム管理者","2022/11/01 16:37:37","システム管理者",""
"4514","POINT(136.935328 35.15671542)","医療法人順正会　てしがわら病院","名古屋市昭和区阿由知通1-7","内科、呼吸器内科、神経内科、リハビリテーション科","医療法人","71","指定なし","指定なし","","","システム管理者","2022/11/01 16:37:37","システム管理者",""
"4517","POINT(136.9185992 35.16394206)","医療法人勝又病院","名古屋市中区新栄1-32-22","内科、呼吸器内科、循環器内科、消化器内科、老年内科、糖尿病内科","医療法人","118","指定なし","指定なし","","","システム管理者","2022/11/01 16:37:37","システム管理者",""
"4525","POINT(136.9564557 35.16593719)","医療法人昌峰会　加藤病院","名古屋市千種区末盛通2-15","内科、外科、肛門外科、整形外科、アレルギー科、皮膚科、美容皮膚科、リハビリテーション科","医療法人","34","指定なし","指定なし","","","システム管理者","2022/11/01 16:37:37","システム管理者",""
"4530","POINT(137.3942897 34.7232301)","医療法人松崎病院 　豊橋こころのケアセンター","豊橋市三本木町字元三本木20-1","内科、心療内科、精神科、老年精神科、歯科","医療法人","290","指定なし","指定なし","","","システム管理者","2022/11/01 16:37:37","システム管理者",""
"4536","POINT(136.9864328 34.90299219)","医療法人松和会　新川中央病院","碧南市松江町6-83","内科、消化器内科、心療内科、外科、脳神経外科、整形外科、形成外科、小児皮膚科","医療法人","94","指定あり","指定なし","","","システム管理者","2022/11/01 16:37:37","システム管理者",""
"4537","POINT(136.935705518368 35.1920268487224)","医療法人湘山会　眼科三宅病院","名古屋市北区大曽根3-14-20","眼科","医療法人","48","指定なし","指定なし","","","システム管理者","2022/11/01 16:37:37","システム管理者",""
"4542","POINT(137.3955491 34.82045573)","医療法人信雅会　宮地病院","豊川市豊川町伊呂通40","整形外科、リハビリテーション科","医療法人","52","指定あり","指定なし","","","システム管理者","2022/11/01 16:37:37","システム管理者",""
"4558","POINT(136.815033705257 35.133842227279)","医療法人親和会　富田病院","名古屋市中川区かの里一丁目301","内科、消化器内科、心療内科、糖尿病・内分泌内科、整形外科、リウマチ科、精神科、リハビリテーション科、放射線科","医療法人","60","指定なし","指定なし","","","システム管理者","2022/11/01 16:37:37","システム管理者",""
"4559","POINT(137.1764863 34.93131919)","医療法人仁精会　三河病院","岡崎市戸崎町字牛転2","心療内科、精神科、児童精神科","医療法人","150","指定なし","指定なし","","","システム管理者","2022/11/01 16:37:37","システム管理者",""
"4567","POINT(136.777982753779 35.1334656564303)","医療法人瑞頌会　尾張温泉かにえ病院","海部郡蟹江町大字西之森字長瀬下65-14","内科、神経内科、老年内科、整形外科、リウマチ科、リハビリテーション科","医療法人","118","指定あり","指定なし","","","システム管理者","2022/11/01 16:37:37","システム管理者",""
"4570","POINT(137.0021367 35.17493189)","医療法人杉山会　すぎやま病院","名古屋市名東区社台3-10","内科、消化器内科、循環器内科、腎臓内科、糖尿病内科、内分泌内科、外科、消化器外科、呼吸器外科、脳神経外科、整形外科、泌尿器科、リハビリテーション科、放射線科","医療法人","55","指定なし","指定なし","","","システム管理者","2022/11/01 16:37:37","システム管理者",""
"4578","POINT(137.0136496 34.98711518)","医療法人成精会　刈谷病院","刈谷市神田町2-30","精神科、神経科","医療法人","207","指定なし","指定なし","","","システム管理者","2022/11/01 16:37:37","システム管理者",""
"4584","POINT(137.6046223 34.95050907)","医療法人星野病院","新城市大野字上野70-3","内科、循環器科、外科、リウマチ科、小児科、リハビリテーション科","医療法人","87","指定なし","指定なし","","","システム管理者","2022/11/01 16:37:37","システム管理者",""
"4587","POINT(136.8639052 35.14903537)","医療法人正進会　名古屋泌尿器科病院","名古屋市中川区松葉町5-34","泌尿器科","医療法人","59","指定なし","指定なし","","","システム管理者","2022/11/01 16:37:37","システム管理者",""
"4592","POINT(137.1530578 35.08868861)","医療法人清慈会　鈴木病院","豊田市月見町1-10-8","女ペ内、小児科、産婦人科、麻酔科","医療法人","68","指定なし","指定なし","","","システム管理者","2022/11/01 16:37:37","システム管理者",""
"4594","POINT(137.0190723 35.09506402)","医療法人清水会　相生山病院","名古屋市緑区藤塚3-2704","内科、呼吸器科、消化器科、循環器科、リハビリテーション科","医療法人","162","指定あり","指定なし","","","システム管理者","2022/11/01 16:37:37","システム管理者",""
"4597","POINT(136.951193 35.1506818)","医療法人生寿会　かわな病院","名古屋市昭和区山花町50","内科、消化器内科、循環器内科、腎臓内科、神経内科、内分泌内科、心療内科、透析内科又は人工透析内科、糖尿病内科、血管外科、整形外科、精神科、リウマチ科、皮膚科、泌尿器科、眼科、リハビリテーション科、放射線科","医療法人","53","指定なし","指定なし","","","システム管理者","2022/11/01 16:37:37","システム管理者",""
"4600","POINT(136.8392643 35.2370129)","医療法人生寿会　五条川リハビリテーション病院","清須市春日新堀33","内科、腎臓内科(人工透析)、血管外科、リハビリテーション科","医療法人","160","指定なし","指定なし","","","システム管理者","2022/11/01 16:37:37","システム管理者",""
"4605","POINT(136.839577 35.134486)","医療法人生生会　まつかげシニアホスピタル","名古屋市中川区打出2-347","内科、消化器内科、循環器内科、神経内科、内分泌内科、老年内科、心療内科、外科、整形外科、精神科、皮膚科、眼科、放射線科、リハビリテーション科","医療法人","380","指定なし","指定なし","","","システム管理者","2022/11/01 16:37:37","システム管理者",""
"4606","POINT(136.8388439 35.13558613)","医療法人生生会　松蔭病院","名古屋市中川区打出2-70","内科、心療内科、精神科、神経科、歯科","医療法人","583","指定なし","指定なし","","","システム管理者","2022/11/01 16:37:37","システム管理者",""
"4608","POINT(137.371396199346 34.8250009094673)","医療法人聖俊会　樋口病院","豊川市諏訪2-145","消化器内科、循環器内科、外科、肛門外科、整形外科、皮膚科、リハビリテーション科","医療法人","43","指定あり","指定なし","","","システム管理者","2022/11/01 16:37:37","システム管理者",""
"4610","POINT(136.915826755704 35.1552757649095)","医療法人聖真会　横山記念病院","名古屋市中区千代田3-11-20","内科、胃腸内科、外科、胃腸外科、肛門外科、麻酔科","医療法人","56","指定なし","指定なし","","","システム管理者","2022/11/01 16:37:37","システム管理者",""
"4611","POINT(136.8168386 35.14094126)","医療法人聖真会　春田仁愛病院","名古屋市中川区東春田2-178","内科、循環器内科、疼痛緩和内科、漢方内科、外科、ペインクリニック外科、麻酔科","医療法人","56","指定なし","指定なし","","","システム管理者","2022/11/01 16:37:37","システム管理者",""
"4618","POINT(136.8654384 35.16658854)","医療法人誠心会　大菅病院","名古屋市中村区大宮町1-38","内科、消化器内科、外科、消化器外科、肛門外科、整形外科、リハビリテーション科、放射線科","医療法人","48","指定あり","指定なし","","","システム管理者","2022/11/01 16:37:37","システム管理者",""
"4622","POINT(137.0663145 35.2241139)","医療法人青山病院","瀬戸市南山町1-53","内科、循環器科、胃腸科、腎臓・透析内科、外科、整形外科、アレルギー科、小児科、リハビリテーション科、放射線科","医療法人","89","指定あり","指定なし","","","システム管理者","2022/11/01 16:37:37","システム管理者",""
"4623","POINT(137.0896842 35.22388741)","医療法人青和会　中央病院","瀬戸市陶原町3-12","内科、呼吸器内科、消化器内科、循環器内科、神経内科、心臓内科、外科、肛門科、乳腺外科、整形外科、小児科、皮膚科、眼科、リハビリテーション科","医療法人","90","指定なし","指定なし","","","システム管理者","2022/11/01 16:37:37","システム管理者",""
"4629","POINT(137.263296765888 34.8111425379179)","医療法人積善会　蒲郡東部病院","蒲郡市大塚町山ノ沢45-2","内科、呼吸器内科、循環器内科、胃腸内科、皮膚科、リハビリテーション科、放射線科","医療法人","210","指定なし","指定なし","","","システム管理者","2022/11/01 16:37:37","システム管理者",""
"4631","POINT(137.451731607263 34.7308055456693)","医療法人積善会　積善病院","豊橋市二川町字北裏1-17","内科、呼吸器内科、消化器内科、循環器内科、脳神経内科、皮膚科、リハビリテーション科、放射線科、歯科","医療法人","414","指定なし","指定なし","","","システム管理者","2022/11/01 16:37:37","システム管理者",""
"4632","POINT(137.445220309544 34.7270794381625)","医療法人積善会　第二積善病院","豊橋市大岩町字北山6-110","内科、呼吸器内科、消化器内科、循環器内科、腎臓内科、透析内科又は人工透析内科、糖尿病内科、皮膚科、泌尿器科、リハビリテーション科","医療法人","248","指定なし","指定なし","","","システム管理者","2022/11/01 16:37:37","システム管理者",""
"4639","POINT(137.392179 34.76707912)","医療法人善恵会　長屋病院","豊橋市八町通3-119","内科、消化器内科、外科、小児外科、整形外科、小児科、皮膚泌尿器科、麻酔科、リハビリテーション科","医療法人","46","指定あり","指定なし","","","システム管理者","2022/11/01 16:37:37","システム管理者",""
"4642","POINT(136.927743201689 34.8946847736684)","医療法人双葉会　藤田病院","半田市泉町111-18","精神科、心療内科、小児科、皮膚科、美容皮膚科、産科、婦人科","医療法人","40","指定なし","指定なし","","","システム管理者","2022/11/01 16:37:37","システム管理者",""
"4650","POINT(136.747338302149 35.3082985542855)","医療法人泰玄会　泰玄会西病院","一宮市小信中島字郷中104","内科","医療法人","81","指定なし","指定なし","","","システム管理者","2022/11/01 16:37:37","システム管理者",""
"4651","POINT(136.752482404532 35.309235449379)","医療法人泰玄会　泰玄会病院","一宮市東五城字備前1-1","内科、呼吸器内科、消化器内科、循環器内科、腎臓内科、神経内科、血液内科、内分泌内科、糖尿病内科、外科、呼吸器外科、消化器外科、心臓血管外科、乳腺外科、整形外科、形成外科、腫瘍外科、皮膚科、眼科、耳鼻いんこう科、リハビリテーション科、麻酔科","医療法人","133","指定あり","指定なし","","","システム管理者","2022/11/01 16:37:37","システム管理者",""
"4653","POINT(137.0415061 35.12323893)","医療法人大医会　日進おりど病院","日進市折戸町西田面110","内科、消化器科、循環器科、外科、肛門科、整形外科、小児科、皮膚科、泌尿器科、婦人科、耳鼻いんこう科、リハビリテーション科、放射線科、麻酔科","医療法人","130","指定あり","指定なし","","","システム管理者","2022/11/01 16:37:37","システム管理者",""
"4662","POINT(137.1591343 34.929972)","医療法人大朋会　岡崎共立病院","岡崎市羽根町字中田64-1","内科、整形外科、リハビリテーション科","医療法人","190","指定なし","指定なし","","","システム管理者","2022/11/01 16:37:37","システム管理者",""
"4663","POINT(137.0099061 34.99397211)","医療法人大朋会　刈谷整形外科病院","刈谷市相生町3-6","整形外科、皮膚科、リハビリテーション科","医療法人","80","指定なし","指定なし","","","システム管理者","2022/11/01 16:37:37","システム管理者",""
"4683","POINT(137.1548108 34.95803407)","医療法人鉄友会　宇野病院","岡崎市中岡崎町1-10","内科、消化器内科、循環器内科、肛門内科、神経内科、乳腺内科、内分泌内科、胃腸内科、心療内科、化学療法内科、内視鏡内科、ペインクリニック内科、糖尿病内科、外科、消化器外科、肛門外科、心臓血管外科、脳神経外科、乳腺外科、整形外科、形成外科、内視鏡外科、リウマチ科、皮膚科、泌尿器科、眼科、リハビリテーション科、放射線科、救急科、麻酔科","医療法人","180","指定あり","指定なし","","","システム管理者","2022/11/01 16:37:37","システム管理者",""
"4687","POINT(137.0552529 34.86719715)","医療法人田中会　西尾病院","西尾市和泉町22","内科、呼吸器内科、消化器内科、循環器内科、神経内科、糖尿病内科、外科、脳神経外科、整形外科、消化器科、肛門外科、泌尿器科、リハビリテーション科、放射線科、麻酔科","医療法人","170","指定あり","指定なし","","","システム管理者","2022/11/01 16:37:37","システム管理者",""
"4692","POINT(137.4589218 34.73068565)","医療法人島病院","豊橋市雲谷町字上ノ山65-138","内科、精神科","医療法人","80","指定なし","指定なし","","","システム管理者","2022/11/01 16:37:37","システム管理者",""
"4694","POINT(136.983296857262 35.1624926648164)","医療法人東恵会　星ヶ丘マタニティ病院","名古屋市千種区井上町27","内科、心療内科、形成外科、精神科、小児科、産婦人科、歯科口腔外科","医療法人","58","指定なし","指定なし","","","システム管理者","2022/11/01 16:37:37","システム管理者",""
"4695","POINT(136.8807179 35.0943961)","医療法人東樹会　あずまリハビリテーション病院","名古屋市港区入船2-1-15","リハビリテーション科","医療法人","90","指定なし","指定なし","","","システム管理者","2022/11/01 16:37:37","システム管理者",""
"4696","POINT(136.9994785 35.12650337)","医療法人東樹会　東樹会病院","名古屋市天白区原1-1307","内科、リハビリテーション科","医療法人","90","指定なし","指定なし","","","システム管理者","2022/11/01 16:37:37","システム管理者",""
"4698","POINT(137.3898589 34.83083)","医療法人桃源堂　後藤病院","豊川市桜木通4-10-2","内科、整形外科、形成外科、リウマチ科、リハビリテーション科、麻酔科、歯科、歯科口腔外科","医療法人","30","指定あり","指定なし","","","システム管理者","2022/11/01 16:37:37","システム管理者",""
"4708","POINT(136.988025608999 35.161148833314)","医療法人同心会　杉田病院","名古屋市千種区星ヶ丘元町16-20","精神科、神経科","医療法人","208","指定なし","指定なし","","","システム管理者","2022/11/01 16:37:37","システム管理者",""
"4715","POINT(137.039794 35.2651873)","医療法人徳洲会　名古屋徳洲会総合病院","春日井市高蔵寺町北2-52","内科、呼吸器内科、消化器内科、循環器内科、神経内科、外科、呼吸器外科、消化器外科、心臓血管外科、脳神経外科、整形外科、形成外科、緩和ケア外科、小児科、皮膚科、泌尿器科、婦人科、眼科、耳鼻いんこう科、リハビリテーション科、放射線科、救急科、麻酔科、歯科口腔外科","医療法人","350","指定あり","指定なし","","","システム管理者","2022/11/01 16:37:37","システム管理者",""
"4722","POINT(136.8971209 35.16632731)","医療法人博恵会橋本内科","名古屋市中区栄1-11-18","内科、呼吸器内科、消化器内科、アレルギー科、小児科、リハビリテーション科","医療法人","27","指定なし","指定なし","","","システム管理者","2022/11/01 16:37:37","システム管理者",""
"4723","POINT(136.9909516 35.193125)","医療法人博報会　いのこし病院","名古屋市名東区猪子石原1-1501","内科、胃腸科、リハビリテーション科","医療法人","52","指定なし","指定なし","","","システム管理者","2022/11/01 16:37:37","システム管理者",""
"4724","POINT(137.1992421 34.94607668)","医療法人博報会　岡崎東病院","岡崎市洞町字向山16-2","内科、老年内科、糖尿病・内分泌内科、皮膚科、リハビリテーション科","医療法人","107","指定なし","指定なし","","","システム管理者","2022/11/01 16:37:37","システム管理者",""
"4730","POINT(137.007477 35.17145156)","医療法人白楊会　白楊会病院","名古屋市名東区上社4-181","内科、消化器内科、腎臓内科、透析内科又は人工透析内科、糖尿病内科","医療法人","24","指定なし","指定なし","","","システム管理者","2022/11/01 16:37:37","システム管理者",""
"4733","POINT(136.8479861 35.28910482)","医療法人尾張健友会　千秋病院","一宮市千秋町塩尻字山王1","内科、外科、肛門科、脳神経外科、整形外科、リウマチ科、小児科、皮膚科、泌尿器科、眼科、リハビリテーション科、放射線科、歯科","医療法人","294","指定あり","指定なし","","","システム管理者","2022/11/01 16:37:37","システム管理者",""
"4734","POINT(137.1298318 35.08213542)","医療法人美衣会　衣ヶ原病院","豊田市広久手町2-34","心療内科、精神科、老年精神科、皮膚科","医療法人","145","指定なし","指定なし","","","システム管理者","2022/11/01 16:37:37","システム管理者",""
"4746","POINT(136.9280968 35.21116753)","医療法人福友会　天寿病院","名古屋市北区米が瀬町138","内科、呼吸器内科、消化器内科、循環器内科、神経内科、リハビリテーション科","医療法人","99","指定なし","指定なし","","","システム管理者","2022/11/01 16:37:37","システム管理者",""
"4747","POINT(136.8530351 35.14953273)","医療法人福友会　八田なみき病院","名古屋市中村区並木2-366","内科、循環器内科、消化器内科、リハビリテーション科","医療法人","207","指定なし","指定なし","","","システム管理者","2022/11/01 16:37:37","システム管理者",""
"4748","POINT(137.0579199 35.16106771)","医療法人福友会　福友病院","日進市北新町殿ケ池上539","内科、呼吸器科、消化器科、循環器科、神経内科、脳神経外科、整形外科、リハビリテーション科、歯科","医療法人","265","指定なし","指定なし","","","システム管理者","2022/11/01 16:37:37","システム管理者",""
"4752","POINT(136.8475326 34.95289063)","医療法人平病院","知多市新舞子字落40-1","内科、循環器科、胃腸科、外科、整形外科、小児科、皮膚科、リハビリテーション科","医療法人","28","指定なし","指定なし","","","システム管理者","2022/11/01 16:37:37","システム管理者",""
"4755","POINT(137.01405 35.117167)","医療法人並木会　並木病院","名古屋市天白区荒池2-1101","内科、呼吸器科、消化器科、循環器科、神経内科、皮膚科、リハビリテーション科","医療法人","212","指定なし","指定なし","","","システム管理者","2022/11/01 16:37:37","システム管理者",""
"4756","POINT(136.8715275 35.18933774)","医療法人米田病院","名古屋市西区枇杷島1-11-5","内科、整形外科、リウマチ科、リハビリテーション科","医療法人","54","指定あり","指定なし","","","システム管理者","2022/11/01 16:37:37","システム管理者",""
"4760","POINT(136.7844451 35.17287412)","医療法人宝会七宝病院","あま市七宝町下田矢倉下1432","精神科、神経科","医療法人","190","指定なし","指定なし","","","システム管理者","2022/11/01 16:37:37","システム管理者",""
"4763","POINT(136.9557864 35.1666991)","医療法人蜂友会　はちや整形外科病院","名古屋市千種区末盛通2-4","整形外科、リハビリテーション科、麻酔科","医療法人","52","指定あり","指定なし","","","システム管理者","2022/11/01 16:37:37","システム管理者",""
"4764","POINT(137.3635031 34.69412477)","医療法人豊岡会　豊橋元町病院","豊橋市南大清水町字元町205","内科、消化器内科、循環器内科、外科、婦人科、リハビリテーション科、放射線科","医療法人","165","指定なし","指定なし","","","システム管理者","2022/11/01 16:37:37","システム管理者",""
"4765","POINT(137.1680019 35.12179177)","医療法人豊寿会　斉藤病院","豊田市四郷町森前166-1","内科、循環器内科、消化器内科、内分泌内科、糖尿病内科、整形外科、ペインクリニック外科、リウマチ科、皮膚科、リハビリテーション科、麻酔科","医療法人","69","指定あり","指定なし","","","システム管理者","2022/11/01 16:37:37","システム管理者",""
"4768","POINT(137.1169487 35.00630434)","医療法人豊和会　南豊田病院","豊田市広美町郷西80","心療内科、精神科","医療法人","240","指定なし","指定なし","","","システム管理者","2022/11/01 16:37:37","システム管理者",""
"4769","POINT(137.326221 34.837348)","医療法人鳳紀会　可知病院","豊川市国府町桜田15-1","内科、心療内科、外科、整形外科、形成外科、精神科、リウマチ科、小児科、リハビリテーション科","医療法人","60","指定なし","指定なし","","","システム管理者","2022/11/01 16:37:37","システム管理者",""
"4775","POINT(137.2168032 34.82375977)","医療法人北辰会　蒲郡厚生館病院","蒲郡市栄町11-13","内科、胃腸科、外科、肛門科、整形外科、リハビリテーション科","医療法人","106","指定あり","指定なし","","","システム管理者","2022/11/01 16:37:37","システム管理者",""
"4778","POINT(136.8536643 35.17039897)","医療法人北林会　北林病院","名古屋市中村区中村町7-58","心療内科、精神科、神経科、歯科","医療法人","345","指定なし","指定なし","","","システム管理者","2022/11/01 16:37:37","システム管理者",""
"4794","POINT(137.1709512 35.17080044)","医療法人明心会　仁大病院","豊田市猿投町入道3-5","心療内科、精神科、神経科","医療法人","176","指定なし","指定なし","","","システム管理者","2022/11/01 16:37:37","システム管理者",""
"4799","POINT(137.0463255 35.05786835)","医療法人明和会　辻村外科病院","刈谷市井ヶ谷町桜島20-1","外科、消化器外科、脳神経外科、整形外科、形成外科、皮膚科、リハビリテーション科、放射線科、麻酔科","医療法人","120","指定あり","指定なし","","","システム管理者","2022/11/01 16:37:37","システム管理者",""
"4814","POINT(136.9427637 35.20929688)","医療法人有仁会　守山友愛病院","名古屋市守山区瀬古東2-411","内科、腎臓内科、透析内科又は人工透析内科","医療法人","20","指定なし","指定なし","","","システム管理者","2022/11/01 16:37:37","システム管理者",""
"4827","POINT(137.0327055 35.30496116)","医療法人陽和会　春日井リハビリテーション病院","春日井市神屋町706","内科、精神科、リハビリテーション科","医療法人","279","指定なし","指定なし","","","システム管理者","2022/11/01 16:37:37","システム管理者",""
"4829","POINT(136.831547775 35.3409456016667)","医療法人来光会　尾洲病院","一宮市浅井町小日比野字新太37","内科、呼吸器科、消化器科、循環器科、外科、肛門科、整形外科、リウマチ科、小児科、皮膚科、眼科、耳鼻いんこう科、リハビリテーション科、放射線科","医療法人","131","指定なし","指定なし","","","システム管理者","2022/11/01 16:37:37","システム管理者",""
"4836","POINT(136.935128 35.09798828)","医療法人緑翔会　小松病院","名古屋市南区前浜通6-45","内科、循環器内科、胃腸科、外科、肛門科、脳神経外科、整形外科、放射線科","医療法人","90","指定あり","指定なし","","","システム管理者","2022/11/01 16:37:37","システム管理者",""
"4844","POINT(136.7362427 35.20091266)","医療法人六輪会　六輪病院","稲沢市平和町塩川104","内科、消化器内科、外科、消化器外科、肛門外科、脳神経外科、整形外科、泌尿器科、リハビリテーション科","医療法人","105","指定あり","指定なし","","","システム管理者","2022/11/01 16:37:37","システム管理者",""
"4847","POINT(137.0289756 35.19489708)","医療法人和光会　川島病院","名古屋市守山区白山3-501","内科、胃腸科、外科、脳神経外科、整形外科、リウマチ科、リハビリテーション科","医療法人","56","指定あり","指定なし","","","システム管理者","2022/11/01 16:37:37","システム管理者",""
"4849","POINT(136.8310149 35.19018806)","医療法人和合会　好生館病院","あま市上萱津西ノ川8","精神科、心療内科","医療法人","296","指定なし","指定なし","","","システム管理者","2022/11/01 16:37:37","システム管理者",""
"4850","POINT(137.0631404 35.11623333)","医療法人和合会　和合病院","愛知郡東郷町大字諸輪字北木戸西108","内科、精神科、心療内科","医療法人","511","指定なし","指定なし","","","システム管理者","2022/11/01 16:37:37","システム管理者",""
"4851","POINT(136.9403895 35.16332248)","医療法人和伸会　和田内科病院","名古屋市千種区今池南25-5","内科、呼吸器科、消化器科、循環器科、神経内科、眼科、リハビリテーション科","医療法人","78","指定あり","指定なし","","","システム管理者","2022/11/01 16:37:37","システム管理者",""
"4857","POINT(137.3922523 34.73361111)","医療法人羔羊会　弥生病院","豊橋市弥生町字東豊和96","内科、消化器内科、循環器内科、脳神経外科、整形外科、眼科、リハビリテーション科","医療法人","130","指定あり","指定なし","","","システム管理者","2022/11/01 16:37:37","システム管理者",""
"4906","POINT(136.739805440995 35.2938767848016)","一宮医療療育センター","一宮市冨田字流筋1679-2","小児科、リハビリテーション科、歯科","その他","120","指定なし","指定なし","","","システム管理者","2022/11/01 16:37:37","システム管理者",""
"4923","POINT(136.784563780715 35.3518677017109)","一宮市立　木曽川市民病院","一宮市木曽川町黒田字北野黒165","内科、循環器内科、外科、整形外科、眼科、リハビリテーション科","公的医療機関","134","指定あり","指定なし","","","システム管理者","2022/11/01 16:37:37","システム管理者",""
"4924","POINT(136.8059299 35.31286458)","一宮市立市民病院","一宮市文京2-2-22","内科、呼吸器内科、消化器内科、循環器内科、腎臓内科、脳神経内科、血液内科、糖尿病・内分泌内科、外科、呼吸器外科、血管外科、心臓血管外科、脳神経外科、整形外科、乳腺・内分泌外科、リウマチ科、小児科、皮膚科、泌尿器科、産婦人科、眼科、耳鼻いんこう科、リハビリテーション科、放射線診断科、放射線治療科、病理診断科、救急科、麻酔科、歯科口腔外科","公的医療機関","594","指定あり","地域","","","システム管理者","2022/11/01 16:37:37","システム管理者",""
"4925","POINT(136.777887419444 35.3136935466667)","一宮西病院","一宮市開明字平1","内科、呼吸器内科、消化器内科、循環器内科、脳神経内科、血液内科、内分泌内科、糖尿病内科、外科、頭頚部外科、呼吸器外科、消化器外科、肛門外科、心臓血管外科、脳神経外科、整形外科、形成外科、乳腺・内分泌外科、精神科、リウマチ科、小児科、皮膚科、泌尿器科、産婦人科、眼科、耳鼻いんこう科、リハビリテーション科、放射線診断科、放射線治療科、病理診断科、臨床検査科、救急科、麻酔科","医療法人","465","指定あり","指定なし","","","システム管理者","2022/11/01 16:37:37","システム管理者",""
"4938","POINT(136.9549481 35.23402561)","一般財団法人春日会　足立病院","春日井市若草通1-1","内科、呼吸器内科、消化器内科、循環器内科、外科、脳神経外科、リハビリテーション科","その他","60","指定なし","指定なし","","","システム管理者","2022/11/01 16:37:37","システム管理者",""
"4948","POINT(137.042086612065 35.0275276857609)","一里山・今井病院","刈谷市一里山町中本山88","内科、呼吸器内科、消化器内科、循環器内科、神経内科、消化器外科、心臓血管外科、脳神経外科、乳腺外科、整形外科、形成外科、ペインクリニック外科、婦人科、リハビリテーション科、放射線科","医療法人","20","指定なし","指定なし","","","システム管理者","2022/11/01 16:37:37","システム管理者",""
"4963","POINT(136.9283846 35.12724487)","稲熊病院","名古屋市瑞穂区豊岡通1-10","内科、神経内科、小児科、リハビリテーション科","個人","34","指定なし","指定なし","","","システム管理者","2022/11/01 16:37:37","システム管理者",""
"4972","POINT(136.8042405 35.25153703)","稲沢市民病院","稲沢市長束町沼100","内科、消化器内科、循環器内科、老年内科、糖尿病・内分泌内科、外科、脳神経外科、整形外科、小児科、皮膚科、泌尿器科、婦人科、眼科、耳鼻いんこう科、リハビリテーション科、放射線科、病理診断科、麻酔科、歯科口腔外科","公的医療機関","320","指定あり","指定なし","","","システム管理者","2022/11/01 16:37:37","システム管理者",""
"5108","POINT(137.2039122 34.94979575)","岡崎市民病院","岡崎市高隆寺町字五所合3-1","内科、呼吸器内科、消化器内科、循環器内科、腎臓内科、脳神経内科、血液内科、緩和ケア内科又は内科(緩和ケア)、腫瘍内科、内分泌・糖尿病内科、外科、呼吸器外科、消化器外科、心臓血管外科、脳神経外科、乳腺外科、内分泌外科、小児外科、整形外科、形成外科、内視鏡外科、腫瘍整形外科、心療精神科、小児科、小児科(新生児)、小児科(脳神経)、皮膚科、泌尿器科、産婦人科、眼科、耳鼻いんこう科、リハビリテーション科、放射線科、放射線診断科、放射線治療科、病理診断科、臨床検査科、救急科、麻酔科、歯科口腔外科","公的医療機関","680","指定あり","地域","","","システム管理者","2022/11/01 16:37:37","システム管理者",""
"5110","POINT(137.194011517471 34.9516437153631)","岡崎市立愛知病院","岡崎市欠町字栗宿18-1","内科、緩和ケア内科又は内科(緩和ケア)、リハビリテーション科","公的医療機関","131","指定なし","指定なし","","","システム管理者","2022/11/01 16:37:37","システム管理者",""
"5115","POINT(137.1632162 34.92689848)","岡崎南病院","岡崎市羽根東町1-1-3","内科、循環器内科、神経内科、胃腸内科、外科、肛門外科、脳神経外科、整形外科、リウマチ科、小児科、皮膚科、リハビリテーション科","医療法人","132","指定あり","指定なし","","","システム管理者","2022/11/01 16:37:37","システム管理者",""
"5149","POINT(136.9798898 35.06046581)","桶狭間病院　藤田こころケアセンター","豊明市栄町南舘3-879","内科、循環器科、神経内科、胃腸科、心療内科、外科、精神科、神経科、リハビリテーション科、麻酔科、歯科","医療法人","312","指定なし","指定なし","","","システム管理者","2022/11/01 16:37:37","システム管理者",""
"5304","POINT(136.939485 35.09401227)","笠寺精治寮病院","名古屋市南区笠寺町柚ノ木3","精神科、神経科","医療法人","180","指定なし","指定なし","","","システム管理者","2022/11/01 16:37:37","システム管理者",""
"5333","POINT(137.2418793 34.83202799)","蒲郡市民病院","蒲郡市平田町向田1-1","内科、呼吸器科、消化器科、循環器科、神経内科、外科、脳神経外科、整形外科、形成外科、精神科、小児科、皮膚科、泌尿器科、産婦人科、眼科、耳鼻いんこう科、リハビリテーション科、放射線科、麻酔科、歯科口腔外科","公的医療機関","382","指定あり","指定なし","","","システム管理者","2022/11/01 16:37:37","システム管理者",""
"5346","POINT(137.008766 34.96874149)","刈谷記念病院","刈谷市小垣江町牛狭間112","内科、胃腸科、皮膚科、リハビリテーション科","医療法人","155","指定なし","指定なし","","","システム管理者","2022/11/01 16:37:37","システム管理者",""
"5350","POINT(137.005956 34.9835026)","刈谷豊田総合病院","刈谷市住吉町5-15","内科、呼吸器内科、消化器内科、循環器内科、腎臓内科、脳神経内科、糖尿病・内分泌内科、外科、呼吸器外科、消化器外科、心臓血管外科、脳神経外科、小児外科、整形外科、乳腺・内分泌外科、精神科、リウマチ科、小児科、皮膚科、泌尿器科、産婦人科、眼科、耳鼻いんこう科、リハビリテーション科、放射線診断科、放射線治療科、病理診断科、麻酔科、歯科、歯科口腔外科","医療法人","704","指定あり","地域","","","システム管理者","2022/11/01 16:37:37","システム管理者",""
"5351","POINT(137.026666549054 34.9862310757345)","刈谷豊田東病院","刈谷市野田新町1-101","内科、脳神経外科、整形外科、リハビリテーション科","医療法人","198","指定なし","指定なし","","","システム管理者","2022/11/01 16:37:37","システム管理者",""
"5393","POINT(136.9099685 35.16524957)","眼科杉田病院","名古屋市中区栄5-1-30","眼科","医療法人","60","指定なし","指定なし","","","システム管理者","2022/11/01 16:37:37","システム管理者",""
"5402","POINT(137.42487651966 34.7355798951299)","岩屋病院","豊橋市岩屋町字岩屋下39-1","精神科","医療法人","325","指定なし","指定なし","","","システム管理者","2022/11/01 16:37:37","システム管理者",""
"5425","POINT(136.864129 35.26832397)","岩倉病院","岩倉市川井町北海戸1","内科、循環器科、胃腸科、外科、肛門科、脳神経外科、整形外科、リハビリテーション科、麻酔科","医療法人","141","指定あり","指定なし","","","システム管理者","2022/11/01 16:37:37","システム管理者",""
"5436","POINT(136.878724 35.17358832)","岩田病院","名古屋市中村区則武1-1-11","小児科、産科、婦人科","個人","46","指定なし","指定なし","","","システム管理者","2022/11/01 16:37:37","システム管理者",""
"5566","POINT(137.1762084 34.9016026)","京ケ峰岡田病院","額田郡幸田町大字坂崎字石ノ塔8","内科、心療内科、精神科、歯科","個人","456","指定なし","指定なし","","","システム管理者","2022/11/01 16:37:37","システム管理者",""
"5569","POINT(136.8296457 35.12360226)","共愛病院","名古屋市中川区下之一色町字権野148-1","内科、整形外科、皮膚科、眼科、耳鼻いんこう科","その他","52","指定なし","指定なし","","","システム管理者","2022/11/01 16:37:37","システム管理者",""
"5570","POINT(137.4206076 34.82062826)","共立荻野病院","豊川市三上町雨谷口32","内科、胃腸科、アレルギー科、リハビリテーション科","医療法人","89","指定なし","指定なし","","","システム管理者","2022/11/01 16:37:37","システム管理者",""
"5676","POINT(136.944129067777 35.3803393941027)","犬山駅西病院","犬山市大字犬山字高見町11","内科、循環器内科、消化器内科、呼吸器内科、整形外科、皮膚科、眼科、耳鼻いんこう科、リハビリテーション科、放射線科","個人","107","指定なし","指定なし","","","システム管理者","2022/11/01 16:37:37","システム管理者",""
"5679","POINT(136.975219577778 35.3707593305556)","犬山病院","犬山市大字塔野地字大畔10","内科、消化器科、循環器科、精神科、神経科、皮膚科、歯科","医療法人","397","指定なし","指定なし","","","システム管理者","2022/11/01 16:37:37","システム管理者",""
"5757","POINT(137.4330097 34.76677797)","光生会赤岩病院","豊橋市多米町字蝉川33-70","内科、リハビリテーション科、放射線科","医療法人","294","指定なし","指定なし","","","システム管理者","2022/11/01 16:37:37","システム管理者",""
"5758","POINT(137.414588811029 34.7632513902837)","光生会病院","豊橋市吾妻町137","内科、呼吸器内科、消化器内科、循環器内科、神経内科、外科、消化器外科、整形外科、婦人科、眼科、リハビリテーション科、放射線科、麻酔科","医療法人","113","指定あり","指定なし","","","システム管理者","2022/11/01 16:37:37","システム管理者",""
"5760","POINT(136.8832361 35.09479299)","公益財団法人名古屋港湾　福利厚生協会臨港病院","名古屋市港区名港2-9-43","内科、外科、脳神経外科、整形外科、皮膚科、婦人科、眼科、耳鼻いんこう科、リハビリテーション科、放射線科、歯科、歯科口腔外科","その他","186","指定あり","指定なし","","","システム管理者","2022/11/01 16:37:37","システム管理者",""
"5763","POINT(136.89926155129 34.9991568888001)","公立西知多総合病院","東海市中ノ池3-1-1","内科、呼吸器内科、消化器内科、循環器内科、腎臓内科、脳神経内科、血液内科、内分泌・代謝内科、外科、呼吸器外科、消化器外科、血管外科、脳神経外科、乳腺外科、整形外科、形成外科、緩和ケア外科、精神科、リウマチ科、小児科、皮膚科、泌尿器科、産婦人科、眼科、耳鼻いんこう科、リハビリテーション科、放射線治療科、放射線診断科、病理診断科、救急科、麻酔科、歯科口腔外科","公的医療機関","468","指定あり","地域","","","システム管理者","2022/11/01 16:37:37","システム管理者",""
"5764","POINT(137.0819434 35.22594835)","公立陶生病院","瀬戸市西追分町160","内科、化学療法内科、感染症内科、血液・腫瘍内科、呼吸器外科、循環器外科、心臓血管外科、脳神経外科、整形外科、形成外科、精神科、脳神経内科、小児科、皮膚科、泌尿器科、産婦人科、眼科、耳鼻いんこう科、リハビリテーション科、放射線科、病理診断科、麻酔科、歯科口腔外科","公的医療機関","633","指定あり","地域","","","システム管理者","2022/11/01 16:37:37","システム管理者",""
"5822","POINT(137.0148948 35.19439453)","紘仁病院","名古屋市守山区四軒家1-710","内科、外科、精神科、神経科、皮膚科、泌尿器科、眼科、耳鼻いんこう科、歯科","医療法人","940","指定なし","指定なし","","","システム管理者","2022/11/01 16:37:37","システム管理者",""
"5860","POINT(137.045214419444 35.2960866777778)","高森台病院","春日井市高森台4-4-50","内科、リハビリテーション科","医療法人","160","指定なし","指定なし","","","システム管理者","2022/11/01 16:37:37","システム管理者",""
"5896","POINT(136.996738749398 34.9309087683772)","高浜豊田病院","高浜市湯山町6-7-3","内科、外科、整形外科、眼科","医療法人","142","指定なし","指定なし","","","システム管理者","2022/11/01 16:37:37","システム管理者",""
"5905","POINT(136.9664886 35.18623904)","国家公務員共済組合　連合会東海病院","名古屋市千種区千代田橋1-1-1","内科、呼吸器内科、消化器内科、循環器内科、糖尿病内科、外科、消化器外科、血管外科、脳神経外科、リウマチ科、整形外科、皮膚科、泌尿器科、眼科、リハビリテーション科、放射線科、麻酔科","社会保険関係団体","166","指定あり","指定なし","","","システム管理者","2022/11/01 16:37:37","システム管理者",""
"5906","POINT(136.8996737 35.1804879)","国家公務員共済組合連合会　名城病院","名古屋市中区三の丸1-3-1","内科、循環器内科、神経内科、外科、心臓血管外科、脳神経外科、整形外科、小児科、皮膚科、泌尿器科、婦人科、眼科、放射線科、麻酔科、歯科口腔外科","社会保険関係団体","326","指定あり","指定なし","","","システム管理者","2022/11/01 16:37:37","システム管理者",""
"5910","POINT(137.3282979 34.83805518)","国府病院","豊川市久保町葉善寺36-1","内科、消化器内科、循環器内科、外科、脳神経外科、乳腺外科、整形外科、皮膚科、眼科、リハビリテーション科","医療法人","46","指定なし","指定なし","","","システム管理者","2022/11/01 16:37:37","システム管理者",""
"5911","POINT(136.950843286318 34.9975353843152)","国立研究開発法人　国立長寿医療研究センター","大府市森岡町7-430","呼吸器内科、消化器内科、循環器内科、神経内科、血液内科、代謝内科、老年内科、呼吸器外科、消化器外科、血管外科、心臓血管外科、脳神経外科、整形外科、精神科、皮膚科、泌尿器科、婦人科、眼科、耳鼻いんこう科、リハビリテーション科、放射線科、病理診断科、麻酔科、歯科、歯科口腔外科","国","383","指定あり","指定なし","","","システム管理者","2022/11/01 16:37:37","システム管理者",""
"5946","POINT(137.4935376 34.90186084)","今泉病院","新城市字宮ノ前24-3","内科、呼吸器科、消化器科、循環器科、外科、肛門科、小児外科、整形外科、アレルギー科、リウマチ科、リハビリテーション科","医療法人","60","指定なし","指定なし","","","システム管理者","2022/11/01 16:37:37","システム管理者",""
"5994","POINT(136.8594367 35.33185342)","佐藤病院","江南市上奈良町緑48","内科、呼吸器内科、消化器内科、循環器内科、腎臓内科、外科、呼吸器外科、消化器外科、脳神経外科、整形外科、リハビリテーション科","医療法人","125","指定なし","指定なし","","","システム管理者","2022/11/01 16:37:37","システム管理者",""
"6217","POINT(137.0545992 34.86276556)","山尾病院","西尾市桜木町5-14","内科、呼吸器内科、消化器内科、糖尿病内科、脳神経外科、整形外科、大腸肛門外科、リハビリテーション科","医療法人","100","指定あり","指定なし","","","システム管理者","2022/11/01 16:37:37","システム管理者",""
"6390","POINT(136.931482647796 35.206197805333)","社会医療法人愛生会　上飯田リハビリテーション病院","名古屋市北区上飯田北町3-57","内科、神経内科、リハビリテーション科","医療法人","98","指定なし","指定なし","","","システム管理者","2022/11/01 16:37:37","システム管理者",""
"6391","POINT(136.931332959666 35.2052251350368)","社会医療法人愛生会　総合上飯田第一病院","名古屋市北区上飯田北町2-70","内科、呼吸器内科、消化器内科、循環器内科、腎臓内科、脳神経内科、糖尿病内科、外科、消化器外科、脳神経外科、乳腺外科、整形外科、形成外科、ペインクリニック外科、老年精神科、アレルギー科、小児科、皮膚科、泌尿器科、産婦人科、眼科、耳鼻いんこう科、リハビリテーション科、放射線科、麻酔科","医療法人","236","指定あり","指定なし","","","システム管理者","2022/11/01 16:37:37","システム管理者",""
"6392","POINT(137.079968591265 34.9866684262448)","社会医療法人財団新和会　八千代病院","安城市住吉町2-2-7","内科、呼吸器内科、消化器内科、循環器内科、腎臓内科、神経内科、透析内科又は人工透析内科、内分泌・代謝内科、外科、呼吸器外科、消化器外科、肛門外科、血管外科、脳神経外科、乳腺外科、整形外科、ペインクリニック外科、小児科、皮膚科、泌尿器科、産婦人科、眼科、耳鼻いんこう科、リハビリテーション科、放射線科、病理診断科、臨床検査科、救急科、麻酔科","医療法人","420","指定あり","指定なし","","","システム管理者","2022/11/01 16:37:37","システム管理者",""
"6393","POINT(136.946938161932 35.3638412419103)","社会医療法人志聖会　総合犬山中央病院","犬山市大字五郎丸字二夕子塚6","内科、呼吸器内科、消化器内科、循環器内科、神経内科、血液内科、糖尿病内科、外科、肛門外科、脳神経外科、整形外科、アレルギー科、リウマチ科、小児科、皮膚科、泌尿器科、産婦人科、眼科、耳鼻いんこう科、リハビリテーション科、放射線科、麻酔科","医療法人","306","指定あり","指定なし","","","システム管理者","2022/11/01 16:37:37","システム管理者",""
"6410","POINT(136.9556155 35.14492747)","社会福祉法人聖霊会　聖霊病院","名古屋市昭和区川名山町56","内科、消化器内科、循環器内科、神経内科、血液内科、緩和ケア内科又は内科(緩和ケア)、外科、消化器外科、脳神経外科、小児外科、整形外科、緩和ケア外科、精神科、小児科、皮膚科、泌尿器科、産婦人科、眼科、耳鼻いんこう科、リハビリテーション科、放射線科、麻酔科、歯科口腔外科","その他","198","指定あり","指定なし","","","システム管理者","2022/11/01 16:37:37","システム管理者",""
"6471","POINT(137.0352387 35.00657118)","秋田病院","知立市宝2-6-12","内科、呼吸器科、循環器科、胃腸科、外科、脳神経外科、整形外科、リウマチ科、小児科、皮膚科、リハビリテーション科、麻酔科","医療法人","150","指定あり","指定なし","","","システム管理者","2022/11/01 16:37:37","システム管理者",""
"6484","POINT(136.906410955779 35.1365456317156)","重工記念病院","名古屋市熱田区外土居町7-8","内科、整形外科、皮膚科、泌尿器科、リハビリテーション科、麻酔科","医療法人","100","指定なし","指定なし","","","システム管理者","2022/11/01 16:37:37","システム管理者",""
"6499","POINT(136.9689455 35.27173049)","春日井市民病院","春日井市鷹来町1-1-1","内科、呼吸器内科、消化器内科、循環器内科、腎臓内科、脳神経内科、糖尿病・内分泌内科、血液・腫瘍内科、外科、呼吸器外科、血管外科、脳神経外科、心臓外科、整形外科、形成外科、精神科、小児科、皮膚科、泌尿器科、産婦人科、眼科、耳鼻いんこう科、リハビリテーション科、放射線診断科、放射線治療科、病理診断科、救急科、麻酔科、歯科口腔外科","公的医療機関","558","指定あり","地域","","","システム管理者","2022/11/01 16:37:37","システム管理者",""
"6592","POINT(136.8935786 35.02074544)","小嶋病院","東海市大田町後田97","内科、消化器内科、循環器内科、外科、脳神経外科、整形外科、形成外科、美容外科、アレルギー科、小児科、泌尿器科、眼科、リハビリテーション科、放射線科","医療法人","240","指定あり","指定なし","","","システム管理者","2022/11/01 16:37:37","システム管理者",""
"6596","POINT(136.896177856506 35.2951589553244)","小牧ようてい記念病院","小牧市大字西之島字丁田1963","内科、消化器内科、循環器内科、呼吸器内科、糖尿病内科、内分泌内科、小児科、脳神経外科、整形外科、リハビリテーション科、リウマチ科、皮膚科","医療法人","120","指定なし","指定なし","","","システム管理者","2022/11/01 16:37:37","システム管理者",""
"6599","POINT(136.917045 35.2873682)","小牧市民病院","小牧市常普請1-20","内科、呼吸器内科、消化器内科、循環器内科、腎臓内科、脳神経内科、血液内科、糖尿病・内分泌内科、外科、呼吸器外科、心臓血管外科、脳神経外科、整形外科、形成外科、精神科、リウマチ科、小児科、皮膚科、泌尿器科、産婦人科、眼科、耳鼻いんこう科、リハビリテーション科、放射線科、病理診断科、救急科、麻酔科、歯科口腔外科、緩和ケア内科又は内科(緩和ケア)、消化器外科、乳腺外科","公的医療機関","520","指定あり","地域","","","システム管理者","2022/11/01 16:37:37","システム管理者",""
"6601","POINT(136.9304275 35.28732422)","小牧第一病院","小牧市中央5-39","内科、呼吸器科、循環器科、胃腸科、神経内科、外科、整形外科、皮膚泌尿器科、リハビリテーション科、麻酔科","医療法人","170","指定あり","指定なし","","","システム管理者","2022/11/01 16:37:37","システム管理者",""
"6630","POINT(136.9895525 34.89718103)","小林記念病院","碧南市新川町3-88","内科、呼吸器内科、循環器内科、腎臓内科、脳神経内科、老年内科、漢方内科、糖尿病内科、外科、消化器外科、肛門外科、整形外科、泌尿器科、眼科、リハビリテーション科、放射線科、麻酔科","医療法人","196","指定あり","指定なし","","","システム管理者","2022/11/01 16:37:37","システム管理者",""
"6647","POINT(136.889529 35.202481)","小林病院","名古屋市西区鳥見町2-39","内科、老年内科、外科、整形外科、皮膚科、リハビリテーション科","医療法人","39","指定なし","指定なし","","","システム管理者","2022/11/01 16:37:37","システム管理者",""
"6763","POINT(136.756661032291 35.3279084073094)","上林記念病院","一宮市奥町字下口西89-1","内科、神経内科、心療内科、精神科、リハビリテーション科","医療法人","445","指定なし","指定なし","","","システム管理者","2022/11/01 16:37:37","システム管理者",""
"6784","POINT(136.853556219902 34.8951486433872)","常滑市民病院","常滑市飛香台3-3-3","内科、呼吸器内科、消化器内科、循環器内科、腎臓内科、神経内科、血液内科、心療内科、内分泌・代謝内科、外科、肛門外科、血管外科、脳神経外科、乳腺外科、整形外科、精神科、小児科、皮膚科、泌尿器科、婦人科、眼科、耳鼻いんこう科、リハビリテーション科、放射線科、麻酔科、歯科口腔外科","公的医療機関","267","指定あり","指定なし","","","システム管理者","2022/11/01 16:37:37","システム管理者",""
"6800","POINT(137.358720459034 34.7960115446116)","信愛医療療育センター","豊川市小坂井町大塚38-1","内科、児童精神科、小児科、小児科(神経)、リハビリテーション科","その他","64","指定なし","指定なし","","","システム管理者","2022/11/01 16:37:37","システム管理者",""
"6819","POINT(137.489681 34.89859701)","新城市民病院","新城市字北畑32-1","内科、呼吸器内科、循環器内科、腎臓内科、脳神経内科、外科、呼吸器外科、消化器外科、血管外科、脳神経外科、整形外科、大腸肛門外科、精神科、小児科、皮膚科、泌尿器科、産婦人科、眼科、耳鼻いんこう科、リハビリテーション科、放射線科、麻酔科、歯科口腔外科","公的医療機関","199","指定あり","地域","","","システム管理者","2022/11/01 16:37:37","システム管理者",""
"6826","POINT(136.976066385155 35.1141909520725)","新生会第一病院","名古屋市天白区高宮町1302","内科、腎臓内科、透析内科又は人工透析内科、糖尿病・内分泌内科、外科、血管外科、整形外科、リウマチ科、リハビリテーション科","医療法人","144","指定なし","指定なし","","","システム管理者","2022/11/01 16:37:37","システム管理者",""
"6854","POINT(137.0146395 35.19352479)","森孝病院","名古屋市守山区四軒家1-1013","内科","個人","101","指定なし","指定なし","","","システム管理者","2022/11/01 16:37:37","システム管理者",""
"6981","POINT(136.9012413 35.14170573)","水谷病院","名古屋市熱田区金山町1-4-3","内科、神経内科、整形外科、リウマチ科、皮膚科、リハビリテーション科、麻酔科","医療法人","47","指定あり","指定なし","","","システム管理者","2022/11/01 16:37:37","システム管理者",""
"7006","POINT(137.075403 35.2417305)","水野病院","瀬戸市小田妻町1-190-2","内科、リハビリテーション科、歯科","医療法人","176","指定なし","指定なし","","","システム管理者","2022/11/01 16:37:37","システム管理者",""
"7075","POINT(137.088986535689 35.2048593645919)","瀬戸みどりのまち病院","瀬戸市緑町2-114-1","内科、外科、皮膚科、リハビリテーション科","医療法人","177","指定なし","指定なし","","","システム管理者","2022/11/01 16:37:37","システム管理者",""
"7090","POINT(137.3783759 34.7590253)","成田記念病院","豊橋市羽根井本町134","内科、呼吸器内科、消化器内科、循環器内科、腎臓内科、脳神経内科、老年内科、透析内科又は人工透析内科、ペインクリニック内科、糖尿病・内分泌内科、外科、肛門外科、心臓血管外科、脳神経外科、乳腺外科、整形外科、形成外科、美容外科、腎臓移植外科、精神科、リウマチ科、小児科、皮膚科、泌尿器科、婦人科、眼科、耳鼻いんこう科、リハビリテーション科、放射線科、病理診断科、麻酔科、歯科口腔外科","医療法人","284","指定あり","指定なし","","","システム管理者","2022/11/01 16:37:37","システム管理者",""
"7177","POINT(136.856394187726 34.9692835264095)","西知多リハビリテーション病院","知多市岡田字野崎13","内科、リハビリテーション科","医療法人","60","指定なし","指定なし","","","システム管理者","2022/11/01 16:37:37","システム管理者",""
"7189","POINT(137.0682878 34.87382378)","西尾市民病院","西尾市熊味町上泡原6","内科、外科、呼吸器外科、脳神経外科、整形外科、形成外科、精神科、小児科、皮膚科、泌尿器科、産婦人科、眼科、耳鼻いんこう科、リハビリテーション科、放射線科、病理診断科、麻酔科","公的医療機関","372","指定あり","地域","","","システム管理者","2022/11/01 16:37:37","システム管理者",""
"7197","POINT(136.920255 35.12322157)","西本病院","名古屋市瑞穂区新開町24-38","内科、腎臓内科、透析内科又は人工透析内科、外科、整形外科、リハビリテーション科","医療法人","32","指定なし","指定なし","","","システム管理者","2022/11/01 16:37:37","システム管理者",""
"7276","POINT(136.922245 34.85718424)","石川病院","知多郡武豊町字ヒジリ田23","内科、呼吸器内科、消化器内科、循環器内科、神経内科、肝臓内科、糖尿病内科、外科、肛門外科、乳腺外科、整形外科、リウマチ科、小児科、皮膚科、リハビリテーション科","医療法人","60","指定あり","指定なし","","","システム管理者","2022/11/01 16:37:37","システム管理者",""
"7382","POINT(136.7925726 35.12521011)","船入病院","海部郡蟹江町宝1-596","内科、胃腸科、外科、肛門科、整形外科、皮膚科","個人","66","指定なし","指定なし","","","システム管理者","2022/11/01 16:37:37","システム管理者",""
"7402","POINT(136.929755 35.10020551)","善常会　リハビリテーション病院","名古屋市南区松池町1-11","内科、リハビリテーション科","医療法人","95","指定なし","指定なし","","","システム管理者","2022/11/01 16:37:37","システム管理者",""
"7426","POINT(137.3701595 34.79635959)","総合青山病院","豊川市小坂井町道地100-1","内科、呼吸器内科、消化器内科、循環器内科、腎臓内科、神経内科、漢方内科、糖尿病・内分泌内科、外科、脳神経外科、整形外科、小児科、皮膚科、泌尿器科、婦人科、眼科、耳鼻いんこう科、リハビリテーション科、放射線科、麻酔科、歯科口腔外科","医療法人","230","指定あり","指定なし","","","システム管理者","2022/11/01 16:37:37","システム管理者",""
"7427","POINT(136.8062239 35.30567041)","総合大雄会病院","一宮市桜1-9-9","内科、呼吸器内科、消化器内科、循環器内科、腎臓内科、神経内科、血液内科、心療内科、内分泌・糖尿病内科、外科、呼吸器外科、消化器外科、心臓血管外科、脳神経外科、乳腺外科、整形外科、形成外科、精神科、小児科、皮膚科、泌尿器科、産婦人科、眼科、耳鼻いんこう科、リハビリテーション科、放射線科、病理診断科、救急科、麻酔科、歯科、歯科口腔外科","医療法人","379","指定あり","地域","","","システム管理者","2022/11/01 16:37:37","システム管理者",""
"7428","POINT(136.946293561161 35.0554755439373)","総合病院南生協病院","名古屋市緑区南大高2-204","内科、呼吸器内科、消化器内科、循環器内科、腎臓内科、神経内科、外科、呼吸器外科、消化器外科、肛門外科、脳神経外科、乳腺外科、小児外科、整形外科、精神科、リウマチ科、小児科、皮膚科、泌尿器科、産婦人科、眼科、耳鼻いんこう科、リハビリテーション科、放射線科、病理診断科、麻酔科","その他","313","指定あり","指定なし","","","システム管理者","2022/11/01 16:37:37","システム管理者",""
"7533","POINT(136.9327517 35.19079105)","大隈病院","名古屋市北区大曽根2-9-34","内科、循環器内科、脳神経内科、外科、脳神経外科、整形外科、耳鼻いんこう科、リハビリテーション科、放射線科、麻酔科","医療法人","157","指定あり","指定なし","","","システム管理者","2022/11/01 16:37:37","システム管理者",""
"7617","POINT(136.906798 35.07496202)","大同病院","名古屋市南区白水町9","内科、呼吸器内科、消化器内科、循環器内科、腎臓内科、脳神経内科、老年内科、透析内科又は人工透析内科、内視鏡内科、緩和ケア内科又は内科(緩和ケア)、腫瘍内科、血液・化学療法内科、糖尿病・内分泌内科、外科、消化器外科、脳神経外科、乳腺外科、小児外科、整形外科、呼吸器科、心臓血管外科、精神科、リウマチ科、小児科、小児科(アレルギー疾患)、小児科(新生児)、皮膚科、泌尿器科、産婦人科、眼科、耳鼻いんこう科、リハビリテーション科、放射線科、放射線診断科、放射線治療科、病理診断科、臨床検査科、救急科、麻酔科、歯科、歯科口腔外科","医療法人","404","指定あり","指定なし","","","システム管理者","2022/11/01 16:37:37","システム管理者",""
"7643","POINT(136.8092383 35.30536133)","大雄会第一病院","一宮市羽衣1-6-12","内科、循環器内科、腎臓内科、血管外科、泌尿器科、形成外科、眼科、放射線科","医療法人","132","指定なし","指定なし","","","システム管理者","2022/11/01 16:37:37","システム管理者",""
"7658","POINT(136.9874354 35.08742344)","第一なるみ病院","名古屋市緑区細口1-210","内科、循環器内科、神経内科、内分泌内科、胃腸内科、糖尿病内科、外科、胃腸外科、整形外科、リハビリテーション科、麻酔科","医療法人","130","指定あり","指定なし","","","システム管理者","2022/11/01 16:37:37","システム管理者",""
"7660","POINT(137.3932455 34.74911119)","第二成田記念病院","豊橋市東小池町62-1","内科、神経内科、リハビリテーション科","医療法人","96","指定なし","指定なし","","","システム管理者","2022/11/01 16:37:37","システム管理者",""
"7724","POINT(136.862704384833 34.9781117243322)","知多小嶋記念病院","知多市新知字永井2-1","内科、整形外科","医療法人","227","指定なし","指定なし","","","システム管理者","2022/11/01 16:37:37","システム管理者",""
"7809","POINT(137.5145497 34.90971029)","茶臼山厚生病院","新城市富沢453-1","内科、消化器内科、腎臓内科、透析内科又は人工透析内科、糖尿病・内分泌内科、アレルギー科、リウマチ科","医療法人","48","指定なし","指定なし","","","システム管理者","2022/11/01 16:37:37","システム管理者",""
"7893","POINT(136.9021671 35.17625069)","中日病院","名古屋市中区丸の内3-12－3","内科、外科、整形外科、皮膚科、泌尿器科、婦人科、眼科、耳鼻いんこう科、リハビリテーション科、放射線科、歯科口腔外科","社会保険関係団体","93","指定なし","指定なし","","","システム管理者","2022/11/01 16:37:37","システム管理者",""
"7985","POINT(136.7498166 35.16766602)","津島リハビリテーション病院","津島市南新開町1-114","整形外科、リハビリテーション科、脳神経外科","医療法人","61","指定なし","指定なし","","","システム管理者","2022/11/01 16:37:37","システム管理者",""
"7987","POINT(136.7378385 35.17347331)","津島市民病院","津島市橘町3-73","内科、呼吸器内科、消化器内科、循環器内科、腎臓内科、脳神経内科、内分泌内科、緩和ケア内科又は内科(緩和ケア)、外科、脳神経外科、整形外科、形成外科、小児科、皮膚科、泌尿器科、産婦人科、眼科、耳鼻いんこう科、リハビリテーション科、放射線科、病理診断科、麻酔科、歯科口腔外科","公的医療機関","352","指定あり","地域","","","システム管理者","2022/11/01 16:37:37","システム管理者",""
"8129","POINT(136.8479984 34.76734598)","渡辺病院","知多郡美浜町大字野間字上川田45-2","内科、呼吸器内科、消化器内科、循環器内科、神経内科、脳神経外科、整形外科、小児科、皮膚科、泌尿器科、リハビリテーション科","医療法人","111","指定あり","指定なし","","","システム管理者","2022/11/01 16:37:37","システム管理者",""
"8183","POINT(136.9493555 35.25561523)","東春病院","春日井市西高山町3-5-1","内科、精神科、歯科","医療法人","297","指定なし","指定なし","","","システム管理者","2022/11/01 16:37:37","システム管理者",""
"8196","POINT(136.8599957 35.11734266)","東洋病院","名古屋市港区正保町3-38","内科、外科、整形外科、小児科、リハビリテーション科、歯科","医療法人","130","指定あり","指定なし","","","システム管理者","2022/11/01 16:37:37","システム管理者",""
"8257","POINT(136.890930773811 35.1445568440489)","藤田医科大学ばんたね病院","名古屋市中川区尾頭橋3-6-10","内科、呼吸器内科、消化器内科、循環器内科、腎臓内科、脳神経内科、内分泌内科、外科、呼吸器外科、心臓血管外科、脳神経外科、整形外科、形成外科、精神科、アレルギー科、小児科、皮膚科、泌尿器科、産婦人科、眼科、耳鼻いんこう科、リハビリテーション科、放射線科、病理診断科、救急科、麻酔科","その他","370","指定あり","指定なし","","","システム管理者","2022/11/01 16:37:37","システム管理者",""
"8258","POINT(137.14996497202 34.9162090029839)","藤田医科大学岡崎医療センター","岡崎市針崎町字五反田１番地","内科、呼吸器内科、消化器内科、循環器内科、腫瘍内科、外科、呼吸器外科、心臓血管外科、脳神経外科、乳腺外科、整形外科、精神科、小児科、皮膚科、泌尿器科、婦人科、眼科、耳鼻いんこう科、リハビリテーション科、放射線科、病理診断科、救急科、麻酔科、歯科","その他","400","指定あり","指定なし","","","システム管理者","2022/11/01 16:37:37","システム管理者",""
"8259","POINT(137.000519906548 35.0705850435395)","藤田医科大学病院","豊明市沓掛町田楽ヶ窪1-98","内科、消化器内科、脳神経内科、外科、呼吸器外科、心臓血管外科、脳神経外科、整形外科、形成外科、精神科、小児科、皮膚科、泌尿器科、産科、婦人科、眼科、耳鼻いんこう科、リハビリテーション科、放射線科、病理診断科、救急科、麻酔科、歯科、小児歯科、矯正歯科","その他","1435","指定あり","基幹","","","システム管理者","2022/11/01 16:37:37","システム管理者",""
"8298","POINT(137.018586505593 35.3040707019739)","特定医療法人晴和会　あさひが丘ホスピタル","春日井市神屋町字地福1295-31","心療内科、精神科","医療法人","172","指定なし","指定なし","","","システム管理者","2022/11/01 16:37:37","システム管理者",""
"8534","POINT(137.016932382898 35.2237152688025)","独立行政法人　労働者健康安全機構旭労災病院","尾張旭市平子町北61","内科、呼吸器科、消化器科、循環器科、外科、脳神経外科、整形外科、精神科、小児科、皮膚科、泌尿器科、産婦人科、眼科、耳鼻いんこう科、リハビリテーション科、放射線科、病理診断科、麻酔科","国","250","指定あり","指定なし","","","システム管理者","2022/11/01 16:37:37","システム管理者",""
"8535","POINT(136.889556832734 35.1087788442995)","独立行政法人　労働者健康安全機構中部労災病院","名古屋市港区港明1-10-6","内科、呼吸器内科、消化器内科、循環器内科、腎臓内科、神経内科、心療内科、糖尿病・内分泌内科、外科、呼吸器外科、消化器外科、心臓血管外科、脳神経外科、整形外科、形成外科、精神科、リウマチ科、小児科、皮膚科、泌尿器科、産婦人科、眼科、耳鼻いんこう科、リハビリテーション科、放射線科、病理診断科、麻酔科、歯科口腔外科","国","556","指定あり","地域","","","システム管理者","2022/11/01 16:37:37","システム管理者",""
"8536","POINT(137.0114967 35.22435944)","独立行政法人国立病院機構　東尾張病院","名古屋市守山区大森北2-1301","内科、精神科、歯科、児童精神科","国","233","指定なし","指定なし","","","システム管理者","2022/11/01 16:37:37","システム管理者",""
"8537","POINT(137.0170736 35.13988932)","独立行政法人国立病院機構　東名古屋病院","名古屋市名東区梅森坂5-101","内科、呼吸器内科、消化器内科、循環器内科、脳神経内科、内分泌内科、血液・腫瘍内科、外科、呼吸器外科、脳神経外科、乳腺外科、整形外科、精神科、アレルギー科、リウマチ科、小児科、皮膚科、泌尿器科、リハビリテーション科、放射線科、麻酔科、歯科口腔外科、耳鼻いんこう科、乳腺・内分泌外科","国","370","指定なし","指定なし","","","システム管理者","2022/11/01 16:37:37","システム管理者",""
"8538","POINT(137.4352511 34.74608068)","独立行政法人国立病院機構　豊橋医療センター","豊橋市飯村町字浜道上50","内科、呼吸器科、消化器科、循環器内科、神経内科、外科、呼吸器外科、心臓血管外科、脳神経外科、整形外科、精神科、リウマチ科、小児科、皮膚科、泌尿器科、産婦人科、眼科、耳鼻いんこう科、リハビリテーション科、放射線科、麻酔科、歯科口腔外科、病理診断科","国","388","指定あり","地域","","","システム管理者","2022/11/01 16:37:37","システム管理者",""
"8539","POINT(136.906002 35.183523)","独立行政法人国立病院機構　名古屋医療センター","名古屋市中区三の丸4-1-1","内科、呼吸器内科、消化器内科、循環器内科、腎臓内科、脳神経内科、血液内科、緩和ケア内科又は内科(緩和ケア)、感染症内科、腫瘍内科、糖尿病・内分泌内科、外科、頭頚部外科、呼吸器外科、心臓血管外科、脳神経外科、乳腺外科、小児外科、整形外科、形成外科、精神科、アレルギー科、リウマチ科、小児科、皮膚科、泌尿器科、産婦人科、眼科、耳鼻いんこう科、リハビリテーション科、放射線治療科、放射線診断科、病理診断科、臨床検査科、救急科、麻酔科、歯科口腔外科","国","726","指定あり","地域","","","システム管理者","2022/11/01 16:37:37","システム管理者",""
"8540","POINT(136.9021639 35.10988281)","独立行政法人地域医療機能推進機構　中京病院","名古屋市南区三条1-1-10","内科、呼吸器内科、消化器内科、循環器内科、腎臓内科、脳神経内科、血液・腫瘍内科、内分泌・糖尿病内科、外科、呼吸器外科、心臓血管外科、脳神経外科、整形外科、形成外科、人工透析外科、精神科、小児科、皮膚科、泌尿器科、産婦人科、眼科、耳鼻いんこう科、リハビリテーション科、放射線科、病理診断科、救急科、麻酔科、歯科口腔外科","国","661","指定あり","地域","","","システム管理者","2022/11/01 16:37:37","システム管理者",""
"8584","POINT(136.9207856 35.07295681)","南医療生協かなめ病院","名古屋市南区天白町1-5","内科、神経内科、整形外科、リハビリテーション科、放射線科","その他","60","指定なし","指定なし","","","システム管理者","2022/11/01 16:37:37","システム管理者",""
"8598","POINT(136.9121513 35.2268235)","楠メンタルホスピタル","名古屋市北区五反田町110","内科、精神科","医療法人","223","指定なし","指定なし","","","システム管理者","2022/11/01 16:37:37","システム管理者",""
"8603","POINT(137.4406323 34.72640419)","二川病院","豊橋市大岩町字北元屋敷36-3","内科、呼吸器内科、消化器内科、循環器内科、内分泌内科、糖尿病内科、外科、整形外科、泌尿器科、リハビリテーション科","医療法人","99","指定あり","指定なし","","","システム管理者","2022/11/01 16:37:37","システム管理者",""
"8687","POINT(137.0284949 35.28114883)","白山リハビリテーション病院","春日井市庄名町字山之田1011-25","内科、リハビリテーション科","医療法人","84","指定なし","指定なし","","","システム管理者","2022/11/01 16:37:37","システム管理者",""
"8720","POINT(136.9781615 35.13613747)","八事病院","名古屋市天白区塩釜口1-403","内科、神経内科、心療内科、精神科、皮膚科、リハビリテーション科、放射線科、歯科","医療法人","530","指定なし","指定なし","","","システム管理者","2022/11/01 16:37:37","システム管理者",""
"8743","POINT(136.9399884 34.89179692)","半田市立半田病院","半田市東洋町2-29","内科、呼吸器内科、消化器内科、循環器内科、腎臓内科、脳神経内科、糖尿病・内分泌内科、外科、血管外科、脳神経外科、心臓外科、整形外科、精神科、リウマチ科、小児科、皮膚科、泌尿器科、産婦人科、眼科、耳鼻いんこう科、リハビリテーション科、放射線科、病理診断科、救急科、麻酔科、歯科、歯科口腔外科","公的医療機関","499","指定あり","地域","","","システム管理者","2022/11/01 16:37:37","システム管理者",""
"8745","POINT(136.960633641308 34.937347447273)","半田中央病院","半田市有脇町13-101","内科、脳神経外科、整形外科、小児科、リハビリテーション科","医療法人","60","指定なし","指定なし","","","システム管理者","2022/11/01 16:37:37","システム管理者",""
"8777","POINT(136.741002684672 35.2942259540914)","尾西記念病院","一宮市冨田字宮東1718-1","内科、呼吸器内科、消化器内科、循環器内科、脳神経内科、内分泌内科、外科、整形外科、皮膚科、泌尿器科、眼科、耳鼻いんこう科、リハビリテーション科","医療法人","137","指定あり","指定なし","","","システム管理者","2022/11/01 16:37:37","システム管理者",""
"8832","POINT(137.0620592 35.00089184)","富士病院","知立市牛田町西屋敷137-1","内科、消化器内科、神経内科、外科、消化器外科、脳神経外科、小児外科、整形外科、形成外科、精神科、小児科、泌尿器科、リハビリテーション科","医療法人","130","指定あり","指定なし","","","システム管理者","2022/11/01 16:37:37","システム管理者",""
"8853","POINT(137.260513 34.889848)","冨田病院","岡崎市本宿町字南中町32","内科、呼吸器内科、循環器内科、神経内科、糖尿病内科、消化器外科、脳神経外科、整形外科、精神科、泌尿器科、リウマチ科、リハビリテーション科","医療法人","48","指定なし","指定なし","","","システム管理者","2022/11/01 16:37:37","システム管理者",""
"8854","POINT(136.8647645 35.32164801)","布袋病院","江南市五明町天王45","内科、精神科、神経科","個人","239","指定なし","指定なし","","","システム管理者","2022/11/01 16:37:37","システム管理者",""
"8982","POINT(137.0127431 34.90182627)","碧南市民病院","碧南市平和町3-6","内科、循環器内科、神経内科、精神科、アレルギー科、小児科、外科、整形外科、脳神経外科、呼吸器外科、皮膚科、泌尿器科、産婦人科、眼科、耳鼻いんこう科、リハビリテーション科、放射線科、麻酔科、病理診断科、歯科口腔外科","公的医療機関","319","指定あり","指定なし","","","システム管理者","2022/11/01 16:37:37","システム管理者",""
"8995","POINT(137.390932 34.760042)","保生会病院","豊橋市大国町110-2","神経内科、精神科","医療法人","105","指定なし","指定なし","","","システム管理者","2022/11/01 16:37:37","システム管理者",""
"9007","POINT(137.355613072056 34.7261809369894)","豊橋ハートセンター","豊橋市大山町字五分取21-1","内科、循環器内科、心臓血管外科、形成外科、脳神経外科、リハビリテーション科、放射線科、麻酔科","医療法人","130","指定あり","指定なし","","","システム管理者","2022/11/01 16:37:37","システム管理者",""
"9019","POINT(137.3486686 34.7610854)","豊橋市民病院","豊橋市青竹町字八間西50","内科、呼吸器内科、消化器内科、循環器内科、腎臓内科、脳神経内科、感染症内科、血液・腫瘍内科、糖尿病・内分泌内科、外科、呼吸器外科、肛門外科、血管外科、心臓外科、脳神経外科、小児外科、整形外科、形成外科、移植外科、女性内視鏡外科、精神科、アレルギー科、リウマチ科、小児科、新小、皮膚科、泌尿器科、産婦人科、産婦人科(生殖医療)、眼科、耳鼻いんこう科、リハビリテーション科、放射線科、病理診断科、救急科、麻酔科、歯科口腔外科","公的医療機関","800","指定あり","地域","","","システム管理者","2022/11/01 16:37:37","システム管理者",""
"9023","POINT(137.389373090087 34.7614715907684)","豊橋整形外科江崎病院","豊橋市新川町66","内科、外科、整形外科、リウマチ科、小児科、リハビリテーション科、麻酔科","医療法人","39","指定あり","指定なし","","","システム管理者","2022/11/01 16:37:37","システム管理者",""
"9031","POINT(137.4345043 34.76274126)","豊生病院","豊橋市多米西町1-21-1","呼吸器内科、消化器内科、循環器内科、外科、整形外科、皮膚科、美容皮膚科、泌尿器科、放射線科、歯科、小児歯科","医療法人","38","指定なし","指定なし","","","システム管理者","2022/11/01 16:37:37","システム管理者",""
"9038","POINT(137.351624 34.828391)","豊川市民病院","豊川市八幡町野路23","内科、呼吸器内科、消化器内科、循環器内科、腎臓内科、脳神経内科、血液内科、糖尿病・内分泌内科、外科、呼吸器外科、消化器外科、心臓血管外科、脳神経外科、小児外科、整形外科、形成外科、乳腺・内分泌外科、精神科、リウマチ科、小児科、皮膚科、泌尿器科、産婦人科、眼科、耳鼻いんこう科、リハビリテーション科、放射線科、病理診断科、救急科、麻酔科、歯科口腔外科","公的医療機関","527","指定あり","地域","","","システム管理者","2022/11/01 16:37:37","システム管理者",""
"9039","POINT(137.395707529358 34.8093662549982)","豊川青山病院","豊川市西島町中井33-1","内科、リハビリテーション科","医療法人","113","指定なし","指定なし","","","システム管理者","2022/11/01 16:37:37","システム管理者",""
"9062","POINT(137.108701058397 35.0303071620438)","豊田若竹病院","豊田市竹元町荒子15","内科、外科、脳神経外科、整形外科、形成外科、小児科、皮膚科、眼科、耳鼻いんこう科、リハビリテーション科、放射線科、歯科口腔外科","その他","250","指定なし","指定なし","","","システム管理者","2022/11/01 16:37:37","システム管理者",""
"9063","POINT(137.1543146 35.10763657)","豊田地域医療センター","豊田市西山町3-30-1","内科、呼吸器内科、消化器内科、循環器内科、神経内科、外科、脳神経外科、整形外科、小児科、泌尿器科、リハビリテーション科、放射線科、歯科","その他","150","指定あり","指定なし","","","システム管理者","2022/11/01 16:37:37","システム管理者",""
"9064","POINT(137.189257728412 35.0695592119883)","豊田東リハビリテーション病院","豊田市野見山町3-88-26","内科、外科、心臓血管外科、精神科、リハビリテーション科","医療法人","60","指定なし","指定なし","","","システム管理者","2022/11/01 16:37:37","システム管理者",""
"9067","POINT(136.9786794 35.0495364)","豊明栄病院","豊明市栄町大根1-395","内科、精神科、神経科","医療法人","240","指定なし","指定なし","","","システム管理者","2022/11/01 16:37:37","システム管理者",""
"9072","POINT(136.93176 35.203224)","北医療生活協　同組合北病院","名古屋市北区上飯田南町2-88","内科、呼吸器内科、消化器内科、循環器内科、神経内科、老年内科、整形外科、小児科、皮膚科、耳鼻いんこう科、リハビリテーション科、放射線科","その他","52","指定あり","指定なし","","","システム管理者","2022/11/01 16:37:37","システム管理者",""
"9085","POINT(136.9370182 35.11280924)","北村病院","名古屋市南区菊住2-4-12","内科、循環器科、胃腸科、外科、整形外科、皮膚科","医療法人","43","指定あり","指定なし","","","システム管理者","2022/11/01 16:37:37","システム管理者",""
"9087","POINT(137.1691176 35.02022244)","北斗病院","岡崎市仁木町字川越17-33","内科、呼吸器内科、消化器内科、循環器内科、脳神経内科、神経内科、血液内科、糖尿病内科、外科、胸部外科、呼吸器外科、脳神経外科、乳腺外科、整形外科、形成外科、アレルギー科、リウマチ科、皮膚科、リハビリテーション科、麻酔科","医療法人","270","指定あり","指定なし","","","システム管理者","2022/11/01 16:37:37","システム管理者",""
"9094","POINT(136.958488387374 35.2401093403399)","北陽会病院","春日井市八幡町118","内科、消化器内科、脳神経内科、外科、脳神経外科、整形外科、眼科、リハビリテーション科","医療法人","120","指定なし","指定なし","","","システム管理者","2022/11/01 16:37:37","システム管理者",""
"9116","POINT(136.8929033 35.20723082)","堀田病院","名古屋市西区江向町6-54","内科、呼吸器内科、循環器内科、胃腸内科、皮膚科、放射線科","個人","70","指定なし","指定なし","","","システム管理者","2022/11/01 16:37:37","システム管理者",""
"9187","POINT(136.87965 35.16544529)","名古屋セントラル病院","名古屋市中村区太閤3-7-7","内科、呼吸器内科、消化器内科、循環器内科、腎臓内科、脳神経内科、血液内科、糖尿病・内分泌内科、外科、消化器外科、脳神経外科、整形外科、乳腺・内分泌外科、皮膚科、泌尿器科、婦人科、眼科、耳鼻いんこう科、リハビリテーション科、放射線科、病理診断科、救急科、麻酔科","その他","198","指定なし","指定なし","","","システム管理者","2022/11/01 16:37:37","システム管理者",""
"9193","POINT(136.9567067 35.18786186)","名古屋ハートセンター","名古屋市東区砂田橋1-1-14","内科、循環器内科、心臓血管外科、リハビリテーション科、麻酔科","医療法人","64","指定あり","指定なし","","","システム管理者","2022/11/01 16:37:37","システム管理者",""
"9203","POINT(137.0064258 35.12182183)","名古屋記念病院","名古屋市天白区平針4-305","内科、呼吸器内科、消化器内科、循環器内科、腎臓内科、神経内科、内分泌内科、肝臓内科、心臓内科、心療内科、疼痛緩和内科、化学療法内科、透析内科又は人工透析内科、内視鏡内科、感染症内科、老年腫瘍内科、血液・化学療法内科、糖尿病・代謝内科、脂質代謝・血管内科、外科、胸部外科、消化器外科、肛門外科、脳神経外科、腎臓外科、血管外科、整形外科、形成外科、乳腺・内分泌外科、神経精神科、アレルギー科、リウマチ科、小児科(感染症)、小児科(アレルギー疾患)、小児科(循環器)、小児科(神経)、小児科(内分泌)、小児科(血液)、小児科(腫瘍)、皮膚科、泌尿器科、産婦人科、眼科、耳鼻いんこう科、リハビリテーション科、放射線科、病理診断科、救急科、麻酔科","医療法人","416","指定あり","地域","","","システム管理者","2022/11/01 16:37:37","システム管理者",""
"9205","POINT(136.8482997 35.1273066)","名古屋共立病院","名古屋市中川区法華1-172","内科、呼吸器内科、消化器内科、循環器内科、腎臓内科、神経内科、糖尿病内科、外科、消化器外科、心臓血管外科、脳神経外科、血管外科、整形外科、形成外科、リウマチ科、リハビリテーション科、放射線科、病理診断科、麻酔科","医療法人","156","指定あり","指定なし","","","システム管理者","2022/11/01 16:37:37","システム管理者",""
"9241","POINT(137.0193763 35.16365446)","名古屋市厚生院","名古屋市名東区勢子坊2-1501","内科、脳神経内科、外科、整形外科、精神科、皮膚科、泌尿器科、婦人科、眼科、耳鼻いんこう科、リハビリテーション科、放射線科、歯科","公的医療機関","204","指定なし","指定なし","","","システム管理者","2022/11/01 16:37:37","システム管理者",""
"9245","POINT(136.902548789594 35.2029076111092)","名古屋市重症心身障害児者施設","名古屋市北区平手町1-1-5","内科、小児科","公的医療機関","90","指定なし","指定なし","","","システム管理者","2022/11/01 16:37:37","システム管理者",""
"9252","POINT(136.9531912 35.129426)","名古屋市総合リハビリ　テーションセンター附属病院","名古屋市瑞穂区弥富町密柑山1-2","内科、循環器内科、脳神経内科、脳神経外科、整形外科、眼科、耳鼻いんこう科、リハビリテーション科、放射線科、歯科","公的医療機関","80","指定なし","指定なし","","","システム管理者","2022/11/01 16:37:37","システム管理者",""
"9282","POINT(136.901664 35.202307)","名古屋市立西部医療センター","名古屋市北区平手町1-1-1","内科、呼吸器内科、消化器内科、循環器内科、脳神経内科、血液・腫瘍内科、内分泌・糖尿病内科、腎臓・透析内科、外科、呼吸器外科、消化器外科、脳神経外科、小児外科、整形外科、形成外科、乳腺・内分泌外科、精神科、児童精神科、小児アレルギー科、リウマチ科、小児科、小児科(新生児)、皮膚科、泌尿器科、産婦人科、眼科、耳鼻いんこう科、リハビリテーション科、放射線診断科、放射線治療科、病理診断科、麻酔科、歯科口腔外科","公的医療機関","500","指定あり","地域","","","システム管理者","2022/11/01 16:37:37","システム管理者",""
"9283","POINT(136.9358024 35.1390673)","名古屋市立大学病院","名古屋市瑞穂区瑞穂町字川澄1","内科、消化器内科、循環器内科、腎臓内科、脳神経内科、肝臓内科、膵臓内科、内分泌・糖尿病内科、血液・腫瘍内科、外科、呼吸器外科、消化器外科、心臓血管外科、脳神経外科、乳腺外科、小児外科、整形外科、形成外科、精神科、呼吸器・アレルギー疾患内科、リウマチ科、小児科、皮膚科、泌尿器科、小児泌尿器科、産婦人科、眼科、耳鼻いんこう科、リハビリテーション科、放射線科、病理診断科、臨床検査科、救急科、麻酔科、歯科口腔外科","公的医療機関","800","指定あり","地域","","","システム管理者","2022/11/01 16:37:37","システム管理者",""
"9284","POINT(136.9434744 35.17405165)","名古屋市立東部医療センター","名古屋市千種区若水1-2-23","内科、呼吸器内科、消化器内科、循環器内科、腎臓内科、脳神経内科、血液内科、内分泌内科、外科、呼吸器外科、消化器外科、心臓血管外科、脳神経外科、整形外科、形成外科、乳腺・内分泌外科、精神科、小児科、皮膚科、泌尿器科、女性泌尿器科、産婦人科、眼科、耳鼻いんこう科、リハビリテーション科、病理診断科、放射線診断科、放射線治療科、救急科、麻酔科、歯科","公的医療機関","498","指定あり","地域","","","システム管理者","2022/11/01 16:37:37","システム管理者",""
"9285","POINT(136.9597344 35.08250709)","名古屋市立緑市民病院","名古屋市緑区潮見が丘1-77","内科、呼吸器内科、消化器内科、循環器内科、糖尿病内科、外科、消化器外科、脳神経外科、整形外科、乳腺・内分泌外科、小児科、皮膚科、泌尿器科、婦人科、眼科、耳鼻いんこう科、リハビリテーション科、放射線科、病理診断科、救急科、麻酔科","公的医療機関","300","指定あり","指定なし","","","システム管理者","2022/11/01 16:37:37","システム管理者",""
"9295","POINT(136.85863 35.140238)","名古屋西病院","名古屋市中川区荒子2-40","内科、呼吸器内科、消化器内科、循環器内科、腎臓内科、外科、小児外科、整形外科、小児科、皮膚科、リハビリテーション科","医療法人","112","指定あり","指定なし","","","システム管理者","2022/11/01 16:37:37","システム管理者",""
"9296","POINT(136.9214063 35.1580089)","名古屋大学医学部　附属病院","名古屋市昭和区鶴舞町65","内科、呼吸器内科、消化器内科、循環器内科、腎臓内科、脳神経内科、血液内科、老年内科、糖尿病・内分泌内科、呼吸器外科、消化器外科、血管外科、脳神経外科、心臓外科、小児外科、整形外科、形成外科、移植外科、乳腺・内分泌外科、精神科、児童精神科、リウマチ科、小児科、皮膚科、泌尿器科、産婦人科、眼科、耳鼻いんこう科、リハビリテーション科、放射線科、病理診断科、救急科、麻酔科、歯科口腔外科","国","1080","指定あり","地域","","","システム管理者","2022/11/01 16:37:37","システム管理者",""
"9298","POINT(136.8622157 35.17151393)","名古屋第一赤十字病院","名古屋市中村区道下町3-35","内科、呼吸器内科、消化器内科、循環器内科、腎臓内科、神経内科、血液内科、内分泌内科、化学療法内科、呼吸器外科、消化器外科、血管外科、心臓血管外科、脳神経外科、小児外科、整形外科、形成外科、乳腺・内分泌外科、精神科、小児科、皮膚科、泌尿器科、女性泌尿器科、産婦人科、眼科、耳鼻いんこう科、リハビリテーション科、放射線科、病理診断科、臨床検査科、救急科、麻酔科、歯科、歯科口腔外科","公的医療機関","852","指定あり","地域","","","システム管理者","2022/11/01 16:37:37","システム管理者",""
"9299","POINT(136.9659373 35.1449788)","名古屋第二赤十字病院","名古屋市昭和区妙見町2-9","内科、呼吸器内科、消化器内科、循環器内科、脳神経内科、薬物療法内科、外科、呼吸器外科、心臓血管外科、脳神経外科、小児外科、整形外科、形成外科、精神科、小児科、皮膚科、泌尿器科、産婦人科、眼科、耳鼻いんこう科、リハビリテーション科、放射線科、病理診断科、救急科、麻酔科、歯科、歯科口腔外科","公的医療機関","812","指定あり","地域","","","システム管理者","2022/11/01 16:37:37","システム管理者",""
"9317","POINT(136.87286 35.12030836)","名古屋掖済会病院","名古屋市中川区松年町4-66","内科、呼吸器内科、消化器内科、循環器内科、腎臓内科、脳神経内科、血液内科、緩和ケア内科又は内科(緩和ケア)、腫瘍内科、糖尿病・内分泌内科、外科、呼吸器外科、消化器外科、肛門外科、心臓血管外科、脳神経外科、乳腺外科、整形外科、形成外科、精神科、リウマチ科、小児科、皮膚科、泌尿器科、産婦人科、眼科、耳鼻いんこう科、リハビリテーション科、放射線科、病理診断科、救急科、麻酔科、歯科、歯科口腔外科","その他","602","指定あり","地域","","","システム管理者","2022/11/01 16:37:37","システム管理者",""
"9326","POINT(136.872341 35.18491328)","名鉄病院","名古屋市西区栄生2-26-11","内科、呼吸器内科、消化器内科、循環器内科、腎臓内科、脳神経内科、血液内科、透析内科又は人工透析内科、内分泌・代謝内科、外科、消化器外科、脳神経外科、整形外科、リウマチ科、小児科、皮膚科、泌尿器科、女性泌尿器科、婦人科、眼科、耳鼻いんこう科、リハビリテーション科、放射線科、病理診断科、麻酔科","社会保険関係団体","373","指定あり","指定なし","","","システム管理者","2022/11/01 16:37:37","システム管理者",""
"9332","POINT(136.9151357 35.10134425)","名南ふれあい病院","名古屋市南区豊田5-15-18","内科、呼吸器内科、外科、整形外科、小児科、リハビリテーション科、放射線科","医療法人","60","指定なし","指定なし","","","システム管理者","2022/11/01 16:37:37","システム管理者",""
"9334","POINT(136.9018251 35.10164063)","名南病院","名古屋市南区南陽通5-1-3","内科、呼吸器科、消化器科、循環器科、神経内科、外科、整形外科、小児科、皮膚科、泌尿器科、リハビリテーション科、放射線科","医療法人","158","指定あり","指定なし","","","システム管理者","2022/11/01 16:37:37","システム管理者",""
"9376","POINT(136.991472 35.1604658)","木村病院","名古屋市名東区名東本通2-22-1","内科、呼吸器内科、消化器内科、循環器内科、神経内科、外科、整形外科、リウマチ科、皮膚科、リハビリテーション科","医療法人","58","指定なし","指定なし","","","システム管理者","2022/11/01 16:37:37","システム管理者",""
"9383","POINT(136.9369575 35.13822228)","野垣病院","名古屋市瑞穂区川澄町1-12","内科、胃腸科、外科、肛門科","医療法人","99","指定なし","指定なし","","","システム管理者","2022/11/01 16:37:37","システム管理者",""
"9576","POINT(136.7828317 35.09683309)","偕行会リハビリテーション病院","弥富市神戸5-20","内科、リハビリテーション科","医療法人","120","指定なし","指定なし","","","システム管理者","2022/11/01 16:37:37","システム管理者",""
"9577","POINT(136.8654919 35.15880177)","偕行会城西病院","名古屋市中村区北畑町4-1","内科、循環器内科、腎臓内科、神経内科、透析内科又は人工透析内科、糖尿病内科、整形外科、泌尿器科、眼科、放射線科","医療法人","120","指定なし","指定なし","","","システム管理者","2022/11/01 16:37:37","システム管理者",""
